dice,iou,accuracy,hd95,sensitivity,precision,model,image,tumour_type
0.9656510770424995,0.9335834896810506,0.9979743957519531,3.0,0.9468476468349613,0.9852164730728616,proposed_pruned,brisc2025_test_00387_me_ax_t1.jpg,meningioma
0.9057498518079431,0.8277356446370531,0.9963607788085938,11.40175425099138,0.984959174903309,0.8383321141185077,proposed_pruned,brisc2025_test_00717_pi_ax_t1.jpg,pituitary
0.4666666666666667,0.30434782608695654,0.98284912109375,91.04806403311373,0.7389181066867018,0.34101941747572817,proposed_pruned,brisc2025_test_00132_gl_co_t1.jpg,glioma
0.9455292908530318,0.8966861598440545,0.9991912841796875,2.8284271247461903,0.9618400418191323,0.9297625063163214,proposed_pruned,brisc2025_test_00457_me_co_t1.jpg,meningioma
0.9779268231643226,0.9568070519098922,0.9983177185058594,2.8284271247461903,0.9847782258064516,0.9711700964310568,proposed_pruned,brisc2025_test_00461_me_co_t1.jpg,meningioma
0.8770144189991518,0.7809667673716012,0.9988937377929688,6.094852169800149,0.9763928234183191,0.7959969207082371,proposed_pruned,brisc2025_test_00782_pi_ax_t1.jpg,pituitary
0.8880415944540728,0.7986284289276808,0.9987678527832031,6.798919902340896,0.8138500635324015,0.977116704805492,proposed_pruned,brisc2025_test_00030_gl_ax_t1.jpg,glioma
0.9295612009237876,0.8683926645091694,0.9990692138671875,3.0,0.9126984126984127,0.9470588235294117,proposed_pruned,brisc2025_test_00803_pi_ax_t1.jpg,pituitary
0.9741839562073393,0.9496673035114302,0.9970855712890625,3.605551275463989,0.9680343831844739,0.9804121607835136,proposed_pruned,brisc2025_test_00265_me_ax_t1.jpg,meningioma
0.4827092773670403,0.31813895001571835,0.9917259216308594,47.43416490252569,0.3262411347517731,0.9275893675527039,proposed_pruned,brisc2025_test_00471_me_co_t1.jpg,meningioma
0.9137780367025925,0.8412443014212926,0.99774169921875,40.64669152870418,0.9584479071188512,0.873086557194545,proposed_pruned,brisc2025_test_00215_gl_sa_t1.jpg,glioma
0.1336934503713707,0.07163531114327062,0.9951057434082031,31.11430460383743,0.07184325108853411,0.9611650485436893,proposed_pruned,brisc2025_test_00058_gl_ax_t1.jpg,glioma
0.9225352112676056,0.8562091503267973,0.9994964599609375,2.8284271247461903,0.943577430972389,0.9024110218140069,proposed_pruned,brisc2025_test_00947_pi_sa_t1.jpg,pituitary
0.6443037974683544,0.4752567693744164,0.9935684204101562,44.89762341703763,0.9282674772036474,0.4933764135702746,proposed_pruned,brisc2025_test_00390_me_ax_t1.jpg,meningioma
0.9242276710631141,0.8591294330617955,0.9869384765625,24.42526083299262,0.988356683074593,0.8679135494596841,proposed_pruned,brisc2025_test_00298_me_ax_t1.jpg,meningioma
0.9208366428382314,0.8532875368007851,0.9931564331054688,12.083045973594572,0.9096774193548387,0.9322730521801287,proposed_pruned,brisc2025_test_00164_gl_co_t1.jpg,glioma
0.8939740655987796,0.8082758620689655,0.9989395141601562,4.300014504089359,0.9272151898734177,0.8630338733431517,proposed_pruned,brisc2025_test_00276_me_ax_t1.jpg,meningioma
0.8768882175226587,0.7807666442501682,0.9987564086914062,3.0,0.8364553314121037,0.9214285714285714,proposed_pruned,brisc2025_test_00911_pi_co_t1.jpg,pituitary
0.0,0.0,0.9947509765625,221.39553360357507,0.0,0.0,proposed_pruned,brisc2025_test_00011_gl_ax_t1.jpg,glioma
0.962589928057554,0.9278779472954231,0.998016357421875,5.0,0.9900843569631493,0.9365812683746325,proposed_pruned,brisc2025_test_00546_me_sa_t1.jpg,meningioma
0.939695902413882,0.8862513165356882,0.9946441650390625,17.239466114613336,0.8999588646647471,0.9831041610496989,proposed_pruned,brisc2025_test_00408_me_co_t1.jpg,meningioma
0.9189636163175303,0.8500764915859256,0.9988784790039062,4.0,0.9365168539325842,0.9020562770562771,proposed_pruned,brisc2025_test_00343_me_ax_t1.jpg,meningioma
0.919338388541528,0.8507180960196964,0.9930610656738281,13.45362404707371,0.9924365725227382,0.8562696183710556,proposed_pruned,brisc2025_test_00348_me_ax_t1.jpg,meningioma
0.9626168224299065,0.9279279279279279,0.999420166015625,2.0,0.9602551521099116,0.9649901380670611,proposed_pruned,brisc2025_test_00475_me_co_t1.jpg,meningioma
0.9404322614654718,0.8875621890547264,0.9978446960449219,5.830951894845301,0.8891547049441786,0.9979861266502573,proposed_pruned,brisc2025_test_00247_gl_sa_t1.jpg,glioma
0.7501519756838906,0.6001945525291829,0.9984321594238281,7.211102550927978,0.9747235387045814,0.6096837944664032,proposed_pruned,brisc2025_test_00991_pi_sa_t1.jpg,pituitary
0.9546418904089545,0.9132199594093359,0.995269775390625,9.899494936611665,0.9635947422832669,0.9458538706871557,proposed_pruned,brisc2025_test_00255_me_ax_t1.jpg,meningioma
0.6325581395348837,0.46258503401360546,0.9939727783203125,30.391454425293684,0.5789697743720732,0.6970784213223987,proposed_pruned,brisc2025_test_00143_gl_co_t1.jpg,glioma
0.8205128205128205,0.6956521739130435,0.9967422485351562,11.366535950188728,0.9848637739656912,0.7031700288184438,proposed_pruned,brisc2025_test_00761_pi_ax_t1.jpg,pituitary
0.8361167684996605,0.718385440970602,0.9953956604003906,13.601470508735444,0.9093325457767277,0.7738125157074642,proposed_pruned,brisc2025_test_00412_me_co_t1.jpg,meningioma
0.8971265628427286,0.8134447096260938,0.9874763488769531,44.719681869646436,0.8678387390118217,0.9284602412764301,proposed_pruned,brisc2025_test_00222_gl_sa_t1.jpg,glioma
0.30373661592249984,0.17906217794572313,0.9635353088378906,72.04329418762165,0.1798964624676445,0.9747545582047685,proposed_pruned,brisc2025_test_00210_gl_sa_t1.jpg,glioma
0.9755419677598666,0.9522517634291915,0.998992919921875,2.23606797749979,0.9866941529235382,0.964639061927446,proposed_pruned,brisc2025_test_00494_me_sa_t1.jpg,meningioma
0.9425712421144224,0.8913803744085579,0.99798583984375,5.0,0.9405252876058172,0.9446261172879878,proposed_pruned,brisc2025_test_00403_me_co_t1.jpg,meningioma
0.9581571909239928,0.9196753892017224,0.9981498718261719,3.605551275463989,0.9783298097251586,0.9387996618765849,proposed_pruned,brisc2025_test_00360_me_ax_t1.jpg,meningioma
0.9686033379344962,0.9391181623515671,0.9952278137207031,8.0,0.9807379548688758,0.956765332936685,proposed_pruned,brisc2025_test_00292_me_ax_t1.jpg,meningioma
0.9188333710151481,0.849853617733166,0.9972610473632812,6.708203932499369,0.8975265017667845,0.9411764705882353,proposed_pruned,brisc2025_test_00424_me_co_t1.jpg,meningioma
0.851729692413899,0.741750167000668,0.9926261901855469,18.019429464123963,0.8401937046004843,0.863586871986312,proposed_pruned,brisc2025_test_00042_gl_ax_t1.jpg,glioma
0.3930053349140486,0.24455920324603467,0.9921875,28.26031128400384,0.24757281553398058,0.9525862068965517,proposed_pruned,brisc2025_test_00083_gl_ax_t1.jpg,glioma
0.8188943020546494,0.6933285509325682,0.9967384338378906,15.08799364299966,0.9096470588235294,0.7446070878274268,proposed_pruned,brisc2025_test_00892_pi_co_t1.jpg,pituitary
0.8667917448405253,0.7649006622516556,0.9991874694824219,3.605551275463989,0.984375,0.7743016759776536,proposed_pruned,brisc2025_test_00770_pi_ax_t1.jpg,pituitary
0.8842587769559329,0.7925303454715219,0.9957618713378906,24.85530208376793,0.8516957656030504,0.9194107452339688,proposed_pruned,brisc2025_test_00029_gl_ax_t1.jpg,glioma
0.9539978094194962,0.912041884816754,0.9990386962890625,3.605551275463989,0.9382405745062836,0.9702933531377645,proposed_pruned,brisc2025_test_00384_me_ax_t1.jpg,meningioma
0.9670020330500965,0.9361122325393622,0.9975852966308594,3.605551275463989,0.9744694263500735,0.9596482152095189,proposed_pruned,brisc2025_test_00312_me_ax_t1.jpg,meningioma
0.9226316532542708,0.8563753112305071,0.995819091796875,8.246211251235321,0.8741305510968432,0.976831091180867,proposed_pruned,brisc2025_test_00152_gl_co_t1.jpg,glioma
0.9661447985377096,0.9345068798524099,0.9967498779296875,3.605551275463989,0.9446732457844432,0.9886151093762706,proposed_pruned,brisc2025_test_00274_me_ax_t1.jpg,meningioma
0.9031959240389069,0.8234797297297297,0.9976081848144531,12.513899365212795,0.8458646616541353,0.9688638622060285,proposed_pruned,brisc2025_test_00361_me_ax_t1.jpg,meningioma
0.9350500715307583,0.8780225685115529,0.9991340637207031,3.605551275463989,0.9396204715353651,0.9305239179954442,proposed_pruned,brisc2025_test_00965_pi_sa_t1.jpg,pituitary
0.9286300246103364,0.8667687595712098,0.9986724853515625,5.770017718971775,0.9890782000873743,0.8751449555469656,proposed_pruned,brisc2025_test_00990_pi_sa_t1.jpg,pituitary
0.9277263007840342,0.8651954267482053,0.9980659484863281,8.0,0.9094466182224706,0.9467558917660751,proposed_pruned,brisc2025_test_00751_pi_ax_t1.jpg,pituitary
0.965226444560125,0.9327900191166113,0.994903564453125,7.280109889280518,0.9546905571001957,0.9759974734182546,proposed_pruned,brisc2025_test_00398_me_co_t1.jpg,meningioma
0.9562982005141388,0.916256157635468,0.9964981079101562,5.656854249492381,0.9771378538768363,0.9363288897175351,proposed_pruned,brisc2025_test_00199_gl_sa_t1.jpg,glioma
0.8870932518017034,0.7970957613814756,0.9980278015136719,5.656854249492381,0.8970848056537103,0.8773218142548597,proposed_pruned,brisc2025_test_00744_pi_ax_t1.jpg,pituitary
0.9779025670945157,0.9567606136282555,0.9976882934570312,3.1622776601683795,0.9802617150376489,0.975554747180793,proposed_pruned,brisc2025_test_00379_me_ax_t1.jpg,meningioma
0.6681504271266324,0.5016710901405682,0.9613227844238281,50.522161542893095,0.9386610263012691,0.5186747294069821,proposed_pruned,brisc2025_test_00043_gl_ax_t1.jpg,glioma
0.9787597584327589,0.9584030462124271,0.9972496032714844,3.0,0.9873989538754161,0.9702704281291981,proposed_pruned,brisc2025_test_00297_me_ax_t1.jpg,meningioma
0.9523809523809523,0.9090909090909091,0.9994850158691406,2.23606797749979,0.9705248023005032,0.9349030470914127,proposed_pruned,brisc2025_test_00966_pi_sa_t1.jpg,pituitary
0.9376281112737921,0.88257993384785,0.9991874694824219,3.605551275463989,0.9524092801903629,0.9232987312572087,proposed_pruned,brisc2025_test_00720_pi_ax_t1.jpg,pituitary
0.7905312413982934,0.6536185707783341,0.9970970153808594,8.06225774829855,0.9958391123439667,0.655408489274304,proposed_pruned,brisc2025_test_00768_pi_ax_t1.jpg,pituitary
0.948481353325644,0.9020109689213894,0.9989776611328125,3.0,0.984437350359138,0.9150593471810089,proposed_pruned,brisc2025_test_00535_me_sa_t1.jpg,meningioma
0.7774343122102009,0.6359039190897599,0.99560546875,21.18962010041709,0.6551611852816672,0.9558194774346793,proposed_pruned,brisc2025_test_00378_me_ax_t1.jpg,meningioma
0.889661164205039,0.8012519561815337,0.9980621337890625,8.602325267042627,0.9808429118773946,0.8139904610492846,proposed_pruned,brisc2025_test_00833_pi_co_t1.jpg,pituitary
0.9609230769230769,0.9247853124074622,0.9990310668945312,3.0,0.9680719156850589,0.9538790470372633,proposed_pruned,brisc2025_test_00853_pi_co_t1.jpg,pituitary
0.9355663513167988,0.8789334614460725,0.998077392578125,6.0165525060596385,0.9770360480640854,0.8974736325729703,proposed_pruned,brisc2025_test_00801_pi_ax_t1.jpg,pituitary
0.957725481844319,0.9188802615447487,0.9984855651855469,3.8422205101856046,0.9274077129305012,0.9900924702774109,proposed_pruned,brisc2025_test_00380_me_ax_t1.jpg,meningioma
0.9372556320983058,0.8819201121233357,0.9974288940429688,4.123105625617661,0.9367324153330853,0.937779433681073,proposed_pruned,brisc2025_test_00495_me_sa_t1.jpg,meningioma
0.9334559950935296,0.875215641173088,0.9991722106933594,3.1622776601683795,0.9269183922046285,0.9400864731315627,proposed_pruned,brisc2025_test_00745_pi_ax_t1.jpg,pituitary
0.9592279332032098,0.9216503438216295,0.998565673828125,3.0,0.9686815593517302,0.9499570446735395,proposed_pruned,brisc2025_test_00501_me_sa_t1.jpg,meningioma
0.7643080124869928,0.6185263157894737,0.9965438842773438,11.045361017187261,0.9767287234042553,0.6277777777777778,proposed_pruned,brisc2025_test_00748_pi_ax_t1.jpg,pituitary
0.9352331606217616,0.878345498783455,0.9994277954101562,2.0,0.9368512110726643,0.9336206896551724,proposed_pruned,brisc2025_test_00174_gl_sa_t1.jpg,glioma
0.9584178498985801,0.9201557935735151,0.9993743896484375,2.0,0.9502262443438914,0.9667519181585678,proposed_pruned,brisc2025_test_00887_pi_co_t1.jpg,pituitary
0.9410200317419466,0.8886098509397278,0.9947547912597656,9.433981132056603,0.9219196503614053,0.9609286027157249,proposed_pruned,brisc2025_test_00467_me_co_t1.jpg,meningioma
0.5690642902609803,0.39768683274021355,0.9896697998046875,35.01337773209315,0.39768683274021355,1.0,proposed_pruned,brisc2025_test_00079_gl_ax_t1.jpg,glioma
0.9393911181454241,0.8857092696629213,0.9975166320800781,3.0,0.9349518161601186,0.9438727782974743,proposed_pruned,brisc2025_test_00317_me_ax_t1.jpg,meningioma
0.9286170892819092,0.8667462211614956,0.9961662292480469,11.013608305156176,0.924741830527656,0.9325249643366619,proposed_pruned,brisc2025_test_00185_gl_sa_t1.jpg,glioma
0.9281210592686002,0.8658823529411764,0.9978256225585938,9.40181563084205,0.9852744310575636,0.8772348033373063,proposed_pruned,brisc2025_test_00405_me_co_t1.jpg,meningioma
0.7936643835616438,0.6579134137686302,0.9963226318359375,20.023735174775748,0.6697976878612717,0.9737394957983193,proposed_pruned,brisc2025_test_00137_gl_co_t1.jpg,glioma
0.9863777415452585,0.9731216272312163,0.9970359802246094,2.8284271247461903,0.986602602321748,0.986152983243357,proposed_pruned,brisc2025_test_00304_me_ax_t1.jpg,meningioma
0.9389442442230231,0.8849150849150849,0.997802734375,9.0,0.896195872116552,0.9859750667853963,proposed_pruned,brisc2025_test_00332_me_ax_t1.jpg,meningioma
0.9697783747481531,0.9413298565840938,0.9975967407226562,4.123105625617661,0.9712693379456135,0.9682919819906122,proposed_pruned,brisc2025_test_00377_me_ax_t1.jpg,meningioma
0.8563559322033898,0.7487958503149315,0.9974136352539062,6.4031242374328485,0.8327152863617635,0.8813781072830353,proposed_pruned,brisc2025_test_00093_gl_co_t1.jpg,glioma
0.9605675327068361,0.9241269278496721,0.9983673095703125,3.0,0.9609216589861751,0.9602136673420519,proposed_pruned,brisc2025_test_00439_me_co_t1.jpg,meningioma
0.813170731707317,0.6851623510069873,0.9970779418945312,10.926661530556782,0.9759953161592506,0.6969063545150501,proposed_pruned,brisc2025_test_00799_pi_ax_t1.jpg,pituitary
0.96398243045388,0.9304691916336914,0.9985923767089844,3.0,0.9728132387706856,0.955310504933256,proposed_pruned,brisc2025_test_00489_me_sa_t1.jpg,meningioma
0.9772969895381112,0.9556019485038274,0.9987831115722656,2.23606797749979,0.977227440933675,0.9773665480427046,proposed_pruned,brisc2025_test_00465_me_co_t1.jpg,meningioma
0.6673996701484332,0.5008250825082509,0.9976921081542969,8.526387033993842,0.9967159277504105,0.5016528925619834,proposed_pruned,brisc2025_test_00929_pi_sa_t1.jpg,pituitary
0.9052165018752131,0.8268452195577701,0.9978790283203125,14.004805224876304,0.965103598691385,0.8523274478330658,proposed_pruned,brisc2025_test_00090_gl_co_t1.jpg,glioma
0.9567665393122864,0.9171164225134927,0.9967193603515625,5.385164807134504,0.9744009830022528,0.9397590361445783,proposed_pruned,brisc2025_test_00245_gl_sa_t1.jpg,glioma
0.7459733893557423,0.5948624877844478,0.9889297485351562,28.0,0.612212643678161,0.9545250896057348,proposed_pruned,brisc2025_test_00062_gl_ax_t1.jpg,glioma
0.8659014825442372,0.7635152230749768,0.9893035888671875,18.027756377319946,0.7635152230749768,1.0,proposed_pruned,brisc2025_test_00080_gl_ax_t1.jpg,glioma
0.7678571428571429,0.6231884057971014,0.9959335327148438,12.103665745345038,0.9821727019498607,0.6303181980693601,proposed_pruned,brisc2025_test_00781_pi_ax_t1.jpg,pituitary
0.9013640305921312,0.8204392134347639,0.9952278137207031,13.702029539669335,0.9220842071301822,0.8815545959284392,proposed_pruned,brisc2025_test_00907_pi_co_t1.jpg,pituitary
0.921152800435019,0.8538306451612904,0.9994468688964844,3.605551275463989,0.9307692307692308,0.9117330462863293,proposed_pruned,brisc2025_test_00812_pi_ax_t1.jpg,pituitary
0.9352640545144804,0.8784,0.9991302490234375,3.4947328716400867,0.9844590555887627,0.8907517577068685,proposed_pruned,brisc2025_test_00503_me_sa_t1.jpg,meningioma
0.9311594202898551,0.8711864406779661,0.999420166015625,3.605551275463989,0.9328493647912885,0.9294755877034359,proposed_pruned,brisc2025_test_00831_pi_co_t1.jpg,pituitary
0.9622107541201931,0.9271735643246711,0.9991340637207031,3.1622776601683795,0.9727364523729384,0.9519104084321476,proposed_pruned,brisc2025_test_00906_pi_co_t1.jpg,pituitary
0.9686325428825258,0.9391730718261331,0.9982490539550781,3.1622776601683795,0.9614706281372948,0.9759019553841917,proposed_pruned,brisc2025_test_00103_gl_co_t1.jpg,glioma
0.8548736462093863,0.7465321563682219,0.9961662292480469,13.038404810405298,0.9252891528602688,0.7944176060118089,proposed_pruned,brisc2025_test_00325_me_ax_t1.jpg,meningioma
0.9476905143523241,0.9005815563555801,0.9986305236816406,4.0,0.9624149156555194,0.9334098737083811,proposed_pruned,brisc2025_test_00358_me_ax_t1.jpg,meningioma
0.9363610877488086,0.8803373748023194,0.9982681274414062,7.923653308482989,0.9572943536830038,0.9163237311385459,proposed_pruned,brisc2025_test_00089_gl_co_t1.jpg,glioma
0.9461291473421334,0.8977657413676371,0.9988479614257812,3.4947328716400867,0.9800443458980045,0.9144827586206896,proposed_pruned,brisc2025_test_00898_pi_co_t1.jpg,pituitary
0.9259087106070466,0.8620391206508569,0.9969596862792969,11.756826486966025,0.8969740634005764,0.9567723342939481,proposed_pruned,brisc2025_test_00442_me_co_t1.jpg,meningioma
0.971528400774352,0.9446331833624093,0.9976997375488281,4.123105625617661,0.972768532526475,0.9702914269546354,proposed_pruned,brisc2025_test_00283_me_ax_t1.jpg,meningioma
0.9354996734160679,0.8788157692897683,0.9969863891601562,7.031980515339459,0.970194750211685,0.9032003783698566,proposed_pruned,brisc2025_test_00828_pi_co_t1.jpg,pituitary
0.9543457797301538,0.9126781695423856,0.9977798461914062,8.54400374531753,0.9346957590657652,0.9748397435897436,proposed_pruned,brisc2025_test_00894_pi_co_t1.jpg,pituitary
0.9330965068087625,0.8745837957824639,0.9991378784179688,4.0,0.9130938586326767,0.9539951573849879,proposed_pruned,brisc2025_test_00808_pi_ax_t1.jpg,pituitary
0.9576482311908321,0.9187380497131931,0.9990272521972656,3.0,0.9603597601598934,0.9549519708512753,proposed_pruned,brisc2025_test_00226_gl_sa_t1.jpg,glioma
0.9428328680665129,0.8918484500574053,0.9964065551757812,8.602325267042627,0.9210339103628171,0.9656887120835406,proposed_pruned,brisc2025_test_00209_gl_sa_t1.jpg,glioma
0.9302077783697389,0.8695219123505976,0.9990005493164062,4.188849909443548,0.9463414634146341,0.9146149816657936,proposed_pruned,brisc2025_test_00792_pi_ax_t1.jpg,pituitary
0.902591599642538,0.8224755700325733,0.9979209899902344,10.168406345972626,0.8767361111111112,0.9300184162062615,proposed_pruned,brisc2025_test_00550_me_sa_t1.jpg,meningioma
0.7315738025415445,0.5767570900123304,0.9895248413085938,24.564169189203614,0.7581037277147488,0.7068379297317718,proposed_pruned,brisc2025_test_00178_gl_sa_t1.jpg,glioma
0.9466759002770083,0.8987508218277449,0.9988250732421875,4.0,0.932469304229195,0.9613220815752461,proposed_pruned,brisc2025_test_00337_me_ax_t1.jpg,meningioma
0.9243149195302305,0.8592802264456126,0.9986724853515625,4.47213595499958,0.9810710987996306,0.873766447368421,proposed_pruned,brisc2025_test_00437_me_co_t1.jpg,meningioma
0.9636900179625353,0.9299244769097437,0.9978408813476562,4.322964030877367,0.9476406762553621,0.9802923518663534,proposed_pruned,brisc2025_test_00395_me_co_t1.jpg,meningioma
0.9197685631629701,0.8514550973040529,0.996826171875,10.781813133555547,0.9164104534973098,0.9231513743708866,proposed_pruned,brisc2025_test_00205_gl_sa_t1.jpg,glioma
0.9456431353669745,0.8968909551284712,0.9905242919921875,13.617816397157863,0.9731129526211494,0.9196816208393632,proposed_pruned,brisc2025_test_00073_gl_ax_t1.jpg,glioma
0.8342105263157895,0.7155756207674944,0.9985580444335938,12.529964086141668,0.9351032448377581,0.7529691211401425,proposed_pruned,brisc2025_test_00994_pi_sa_t1.jpg,pituitary
0.8707865168539326,0.7711442786069652,0.9968414306640625,13.23916484488841,0.8896683673469388,0.8526894865525673,proposed_pruned,brisc2025_test_00972_pi_sa_t1.jpg,pituitary
0.9291778113734155,0.8677237185056472,0.9976768493652344,11.313708498984761,0.9016023470999774,0.9584932821497121,proposed_pruned,brisc2025_test_00809_pi_ax_t1.jpg,pituitary
0.6372997711670481,0.46767422334172964,0.9975814819335938,17.971940736681173,0.8569230769230769,0.5072859744990893,proposed_pruned,brisc2025_test_00146_gl_co_t1.jpg,glioma
0.9659304913542202,0.9341059602649007,0.9992408752441406,2.0,0.9815588030619345,0.9507920458375464,proposed_pruned,brisc2025_test_00476_me_co_t1.jpg,meningioma
0.9243756595145972,0.8593852190974494,0.9991798400878906,2.8284271247461903,0.9563318777292577,0.8944860449285228,proposed_pruned,brisc2025_test_00433_me_co_t1.jpg,meningioma
0.7783219417684731,0.6370925110132158,0.9842872619628906,26.92582403567252,0.9586371470237306,0.6551005616959594,proposed_pruned,brisc2025_test_00156_gl_co_t1.jpg,glioma
0.8933366484336152,0.8072343293641878,0.9967269897460938,10.0,0.9477710366657874,0.8448154244063014,proposed_pruned,brisc2025_test_00998_pi_sa_t1.jpg,pituitary
0.970824718584884,0.9433035714285715,0.9990310668945312,2.8284271247461903,0.9809656453110492,0.9608913142337426,proposed_pruned,brisc2025_test_00514_me_sa_t1.jpg,meningioma
0.7910415773681955,0.6543166105300479,0.9776840209960938,36.05551275463989,0.9263008198092688,0.6902505921954869,proposed_pruned,brisc2025_test_00158_gl_co_t1.jpg,glioma
0.9597644749754661,0.9226415094339623,0.9989051818847656,2.23606797749979,0.9631401238041644,0.9564124056999161,proposed_pruned,brisc2025_test_00891_pi_co_t1.jpg,pituitary
0.9364327737121538,0.8804641122504048,0.9983100891113281,8.23701357608847,0.9109436069235064,0.9633894301741954,proposed_pruned,brisc2025_test_00735_pi_ax_t1.jpg,pituitary
0.9458166300271563,0.8972031403336604,0.9984016418457031,8.0,0.9232517041151225,0.9695121951219512,proposed_pruned,brisc2025_test_00436_me_co_t1.jpg,meningioma
0.9700542324923367,0.9418498168498168,0.9990310668945312,2.23606797749979,0.988467083133109,0.9523148148148148,proposed_pruned,brisc2025_test_00430_me_co_t1.jpg,meningioma
0.9031959240389069,0.8234797297297297,0.9976081848144531,12.513899365212795,0.8458646616541353,0.9688638622060285,proposed_pruned,brisc2025_test_00429_me_co_t1.jpg,meningioma
0.9499452681858891,0.9046626231993935,0.9980812072753906,4.0,0.9466481554938516,0.9532654284002396,proposed_pruned,brisc2025_test_00006_gl_ax_t1.jpg,glioma
0.9027871054398925,0.8228003060443765,0.9955825805664062,13.905024490156816,0.99610967024824,0.8254528707399448,proposed_pruned,brisc2025_test_00543_me_sa_t1.jpg,meningioma
0.9834818114328137,0.9675004564542633,0.9986419677734375,2.23606797749979,0.9769542772861357,0.9900971599402093,proposed_pruned,brisc2025_test_00342_me_ax_t1.jpg,meningioma
0.9272727272727272,0.864406779661017,0.99920654296875,3.605551275463989,0.9685902118334551,0.8893360160965795,proposed_pruned,brisc2025_test_00818_pi_ax_t1.jpg,pituitary
0.7949790794979079,0.6597222222222222,0.9953269958496094,18.259819334114624,0.9603720177921553,0.6781838949171902,proposed_pruned,brisc2025_test_00784_pi_ax_t1.jpg,pituitary
0.967439367546563,0.9369322605761744,0.9990730285644531,2.0,0.9618971489475087,0.9730458221024259,proposed_pruned,brisc2025_test_00328_me_ax_t1.jpg,meningioma
0.801876291938305,0.6692767086927671,0.9904937744140625,28.30192129900731,0.7085850779822959,0.9234572422633217,proposed_pruned,brisc2025_test_00160_gl_co_t1.jpg,glioma
0.9649385355424906,0.9322524011153568,0.99749755859375,3.605551275463989,0.973471368489162,0.9565539896153439,proposed_pruned,brisc2025_test_00359_me_ax_t1.jpg,meningioma
0.9683781309811101,0.9386948455271437,0.997100830078125,4.0,0.9421909157153266,0.996062655139947,proposed_pruned,brisc2025_test_00401_me_co_t1.jpg,meningioma
0.7370544720914594,0.5835995740149095,0.9940338134765625,19.0,0.8965235173824131,0.6257493576934057,proposed_pruned,brisc2025_test_00077_gl_ax_t1.jpg,glioma
0.9418729817007535,0.8901322482197355,0.999176025390625,3.1622776601683795,0.8997429305912596,0.9881422924901185,proposed_pruned,brisc2025_test_00363_me_ax_t1.jpg,meningioma
0.9369474174034434,0.8813744801926023,0.9979324340820312,5.0,0.9643199233716475,0.9110859728506787,proposed_pruned,brisc2025_test_00459_me_co_t1.jpg,meningioma
0.3439306358381503,0.20767888307155322,0.9948043823242188,55.86591089385369,0.854066985645933,0.21531966224366708,proposed_pruned,brisc2025_test_00886_pi_co_t1.jpg,pituitary
0.9618824346618043,0.926564068250251,0.9983253479003906,4.123105625617661,0.9591341991341992,0.9646464646464646,proposed_pruned,brisc2025_test_00511_me_sa_t1.jpg,meningioma
0.7056998836758434,0.5452366686638705,0.9942092895507812,44.88861317723811,0.8733205374280231,0.5920624593363696,proposed_pruned,brisc2025_test_00910_pi_co_t1.jpg,pituitary
0.32509303561935143,0.19409617521028408,0.9806289672851562,86.39410879859186,0.5469588550983899,0.2312783661119516,proposed_pruned,brisc2025_test_00135_gl_co_t1.jpg,glioma
0.9410215132445485,0.888612493090105,0.9984626770019531,3.605551275463989,0.9362259755387303,0.9458664313033245,proposed_pruned,brisc2025_test_00035_gl_ax_t1.jpg,glioma
0.9695,0.9408054342552159,0.9972076416015625,5.0,0.9833488293466317,0.9560358287451721,proposed_pruned,brisc2025_test_00536_me_sa_t1.jpg,meningioma
0.9504461221688401,0.9055715406748627,0.9986228942871094,5.0,0.9428104575163399,0.9582064766122336,proposed_pruned,brisc2025_test_00520_me_sa_t1.jpg,meningioma
0.9327825760420578,0.8740323715693173,0.9993171691894531,2.8284271247461903,0.9437689969604863,0.9220489977728286,proposed_pruned,brisc2025_test_00759_pi_ax_t1.jpg,pituitary
0.7230905337658508,0.5662817551963049,0.9964179992675781,17.249542676550462,0.9808,0.5726296123306865,proposed_pruned,brisc2025_test_00777_pi_ax_t1.jpg,pituitary
0.9046102263202012,0.8258340985613712,0.9978294372558594,7.615773105863909,0.8492288322316651,0.9677187948350072,proposed_pruned,brisc2025_test_00885_pi_co_t1.jpg,pituitary
0.9587527620918243,0.9207734024994105,0.9974365234375,7.810249675906654,0.9537184027353768,0.9638405528816488,proposed_pruned,brisc2025_test_00301_me_ax_t1.jpg,meningioma
0.9419155310718083,0.8902082572159299,0.9977073669433594,5.385164807134504,0.9598187906243845,0.9246679316888046,proposed_pruned,brisc2025_test_00196_gl_sa_t1.jpg,glioma
0.9217032967032966,0.8547770700636943,0.9995651245117188,2.23606797749979,0.8958611481975968,0.9490806223479491,proposed_pruned,brisc2025_test_00979_pi_sa_t1.jpg,pituitary
0.9287589707684228,0.8669934640522876,0.9984474182128906,8.50869015279938,0.965429403202329,0.8947723440134907,proposed_pruned,brisc2025_test_00234_gl_sa_t1.jpg,glioma
0.7700589071704246,0.6260941370767961,0.991363525390625,24.318627707996594,0.643961270596229,0.9575650416771913,proposed_pruned,brisc2025_test_00187_gl_sa_t1.jpg,glioma
0.9484377995016293,0.9019321910317171,0.9989738464355469,3.0,0.9179962894248609,0.9809674861221253,proposed_pruned,brisc2025_test_00127_gl_co_t1.jpg,glioma
0.9397329483940816,0.8863172226004085,0.9993629455566406,2.8284271247461903,0.9580573951434879,0.9220963172804533,proposed_pruned,brisc2025_test_00181_gl_sa_t1.jpg,glioma
0.9428102999324911,0.8918080642218573,0.9977378845214844,4.0,0.9298078752140004,0.9561815336463224,proposed_pruned,brisc2025_test_00381_me_ax_t1.jpg,meningioma
0.8455949137148048,0.7324940991345398,0.9961090087890625,9.869112655722327,0.9657676348547718,0.7520193861066236,proposed_pruned,brisc2025_test_00800_pi_ax_t1.jpg,pituitary
0.94018296973962,0.8871181938911022,0.9993515014648438,3.0,0.9925705794947994,0.893048128342246,proposed_pruned,brisc2025_test_00456_me_co_t1.jpg,meningioma
0.9504412763068567,0.9055627425614489,0.9974937438964844,5.385164807134504,0.9546901045612972,0.9462300991288676,proposed_pruned,brisc2025_test_00270_me_ax_t1.jpg,meningioma
0.8852607709750567,0.7941415785191213,0.9990348815917969,5.0,0.9878542510121457,0.8019720624486442,proposed_pruned,brisc2025_test_00225_gl_sa_t1.jpg,glioma
0.9365537130497477,0.8806779661016949,0.99932861328125,3.0,0.9938791124713083,0.885480572597137,proposed_pruned,brisc2025_test_00790_pi_ax_t1.jpg,pituitary
0.8615702479338843,0.7568058076225045,0.9984664916992188,5.493840584077648,0.9287305122494433,0.8034682080924855,proposed_pruned,brisc2025_test_00933_pi_sa_t1.jpg,pituitary
0.8922640407243595,0.8054844056049419,0.9950752258300781,8.54400374531753,0.8457522543901281,0.9441893323913811,proposed_pruned,brisc2025_test_00243_gl_sa_t1.jpg,glioma
0.0,0.0,0.9518852233886719,512.0,0.0,0.0,proposed_pruned,brisc2025_test_00045_gl_ax_t1.jpg,glioma
0.8800249298846993,0.7857540345019477,0.9985313415527344,5.656854249492381,0.9664613278576317,0.8077803203661327,proposed_pruned,brisc2025_test_00704_pi_ax_t1.jpg,pituitary
0.8442822384428224,0.7305263157894737,0.9990234375,6.324555320336759,0.9353099730458221,0.7694013303769401,proposed_pruned,brisc2025_test_00955_pi_sa_t1.jpg,pituitary
0.9576647319904404,0.9187684245004913,0.999053955078125,2.8284271247461903,0.9403285283271874,0.9756521739130435,proposed_pruned,brisc2025_test_00071_gl_ax_t1.jpg,glioma
0.9421728971962616,0.890668139149641,0.9992446899414062,2.0,0.919612314709236,0.9658682634730539,proposed_pruned,brisc2025_test_00916_pi_sa_t1.jpg,pituitary
0.9625051503914297,0.9277204130262113,0.9989585876464844,2.23606797749979,0.9700996677740864,0.9550286181520851,proposed_pruned,brisc2025_test_00448_me_co_t1.jpg,meningioma
0.6812483328887703,0.5165857605177994,0.9954414367675781,33.146585583302375,0.715406162464986,0.65020366598778,proposed_pruned,brisc2025_test_00880_pi_co_t1.jpg,pituitary
0.9591072608472212,0.9214275638312879,0.9978752136230469,4.123105625617661,0.9393155018694277,0.9797510124493776,proposed_pruned,brisc2025_test_00038_gl_ax_t1.jpg,glioma
0.8677309007981756,0.7663645518630413,0.999114990234375,6.312465680834829,0.9694267515923567,0.7853457172342622,proposed_pruned,brisc2025_test_00788_pi_ax_t1.jpg,pituitary
0.7868589743589743,0.6486129458388376,0.9979705810546875,11.40175425099138,0.9299242424242424,0.6819444444444445,proposed_pruned,brisc2025_test_00500_me_sa_t1.jpg,meningioma
0.9079754601226994,0.8314606741573034,0.9957084655761719,10.198039027185569,0.8402725208175624,0.9875444839857651,proposed_pruned,brisc2025_test_00203_gl_sa_t1.jpg,glioma
0.7627948375611927,0.616546762589928,0.9959335327148438,13.56450889332001,0.9506378258458126,0.6369379412857674,proposed_pruned,brisc2025_test_00758_pi_ax_t1.jpg,pituitary
0.7776777677767777,0.6362297496318114,0.9971733093261719,10.0,0.9870525514089871,0.6415841584158416,proposed_pruned,brisc2025_test_00940_pi_sa_t1.jpg,pituitary
0.8864153807235011,0.7960018173557474,0.9982872009277344,8.317932288136285,0.9652892561983472,0.8194574368568756,proposed_pruned,brisc2025_test_00832_pi_co_t1.jpg,pituitary
0.9740747698666166,0.9494598058963559,0.9989471435546875,2.23606797749979,0.9575253924284395,0.9912062703116039,proposed_pruned,brisc2025_test_00349_me_ax_t1.jpg,meningioma
0.9147982062780269,0.8429752066115702,0.9984779357910156,8.246211251235321,0.979871912168344,0.8578293952743292,proposed_pruned,brisc2025_test_00049_gl_ax_t1.jpg,glioma
0.9659165188159492,0.9340798266209138,0.9986076354980469,2.845584412271575,0.9565378213427039,0.975480950584685,proposed_pruned,brisc2025_test_00028_gl_ax_t1.jpg,glioma
0.7602185792349727,0.6131875881523272,0.9958152770996094,18.812194638873112,0.8284897570271558,0.7023424878836834,proposed_pruned,brisc2025_test_00125_gl_co_t1.jpg,glioma
0.967908352932251,0.9378124081152602,0.9983863830566406,3.0,0.9601143889223359,0.9758298913874867,proposed_pruned,brisc2025_test_00490_me_sa_t1.jpg,meningioma
0.739880059970015,0.5871505056513979,0.9973526000976562,13.601470508735444,0.6290630975143403,0.8980891719745223,proposed_pruned,brisc2025_test_00855_pi_co_t1.jpg,pituitary
0.9215557020435069,0.8545232273838631,0.9986381530761719,7.0710678118654755,0.9803646563814866,0.8694029850746269,proposed_pruned,brisc2025_test_00967_pi_sa_t1.jpg,pituitary
0.8349858356940509,0.7167173252279635,0.9982223510742188,18.027756377319946,0.9569805194805194,0.7405778894472361,proposed_pruned,brisc2025_test_00889_pi_co_t1.jpg,pituitary
0.7473879607531159,0.5966635616902363,0.9818305969238281,25.179074726815188,0.7528582113473662,0.7419966301600674,proposed_pruned,brisc2025_test_00009_gl_ax_t1.jpg,glioma
0.7042786823173041,0.54354178842782,0.9940414428710938,46.79635738645637,0.6313645621181263,0.7962328767123288,proposed_pruned,brisc2025_test_00016_gl_ax_t1.jpg,glioma
0.966602192134107,0.9353631145495384,0.9990119934082031,2.23606797749979,0.9483805668016194,0.9855377333683933,proposed_pruned,brisc2025_test_00497_me_sa_t1.jpg,meningioma
0.9772889296262348,0.9555865365465047,0.9982986450195312,2.23606797749979,0.9801838610827375,0.9744110479285134,proposed_pruned,brisc2025_test_00554_me_sa_t1.jpg,meningioma
0.7721911855990068,0.6289180990899899,0.9916000366210938,20.518284528683193,0.7345010824640819,0.8139585605234461,proposed_pruned,brisc2025_test_00154_gl_co_t1.jpg,glioma
0.933129147524247,0.8746411483253589,0.9990005493164062,4.0,0.9682203389830508,0.9004926108374385,proposed_pruned,brisc2025_test_00786_pi_ax_t1.jpg,pituitary
0.8967953570527378,0.812900274473925,0.9984397888183594,9.894200461257267,0.8303738317757009,0.9747668678003292,proposed_pruned,brisc2025_test_00076_gl_ax_t1.jpg,glioma
0.9694987449608276,0.9408030705639209,0.9984703063964844,3.0,0.9728285757899557,0.9661916312916919,proposed_pruned,brisc2025_test_00447_me_co_t1.jpg,meningioma
0.9715155468580126,0.9446088794926004,0.9990005493164062,2.23606797749979,0.9604471195184867,0.9828420589529256,proposed_pruned,brisc2025_test_00373_me_ax_t1.jpg,meningioma
0.8369668246445497,0.7196414017929911,0.998687744140625,8.06225774829855,0.7376775271512114,0.9671412924424972,proposed_pruned,brisc2025_test_00926_pi_sa_t1.jpg,pituitary
0.9639082237690126,0.930330928091565,0.99786376953125,3.0,0.9486236204490676,0.9796934363946024,proposed,brisc2025_test_00387_me_ax_t1.jpg,meningioma
0.9099009900990099,0.8346957311534968,0.9965286254882812,12.060247706453318,0.987322733132789,0.8437385236871098,proposed,brisc2025_test_00717_pi_ax_t1.jpg,pituitary
0.3205786280914606,0.19088635732147818,0.977783203125,94.41707479334086,0.5161532682193839,0.23248730964467004,proposed,brisc2025_test_00132_gl_co_t1.jpg,glioma
0.9417825862957239,0.8899707887049659,0.9991378784179688,3.0,0.9555671719811814,0.9283900457084815,proposed,brisc2025_test_00457_me_co_t1.jpg,meningioma
0.9769833741075441,0.9550024402147389,0.9982414245605469,2.8284271247461903,0.9862903225806452,0.967850430309625,proposed,brisc2025_test_00461_me_co_t1.jpg,meningioma
0.8859461768475011,0.7952453987730062,0.9989814758300781,5.7090835430982585,0.9792256846081209,0.8088923556942278,proposed,brisc2025_test_00782_pi_ax_t1.jpg,pituitary
0.9094608341810784,0.8339552238805971,0.9989814758300781,5.0,0.8519695044472682,0.9752727272727273,proposed,brisc2025_test_00030_gl_ax_t1.jpg,glioma
0.9306474820143885,0.8702906350914962,0.9990806579589844,3.0,0.9166666666666666,0.9450613676212741,proposed,brisc2025_test_00803_pi_ax_t1.jpg,pituitary
0.9735798319327731,0.9485197799318836,0.9970016479492188,4.0492422502470475,0.9725337452152307,0.9746281714785652,proposed,brisc2025_test_00265_me_ax_t1.jpg,meningioma
0.47969421882465363,0.3155248271527341,0.9916915893554688,47.84610382924863,0.3236621534493875,0.9261992619926199,proposed,brisc2025_test_00471_me_co_t1.jpg,meningioma
0.9575062034739454,0.9184766438559953,0.9989547729492188,2.8284271247461903,0.9431714023831348,0.9722834645669292,proposed,brisc2025_test_00215_gl_sa_t1.jpg,glioma
0.7478711588300629,0.5972797161442933,0.9974021911621094,9.848857801796104,0.7329462989840348,0.763416477702192,proposed,brisc2025_test_00058_gl_ax_t1.jpg,glioma
0.9230769230769231,0.8571428571428571,0.9995040893554688,2.8284271247461903,0.936374549819928,0.9101516919486581,proposed,brisc2025_test_00947_pi_sa_t1.jpg,pituitary
0.5665566556655666,0.3952417498081351,0.9909820556640625,47.43416490252569,0.939209726443769,0.40561827251247046,proposed,brisc2025_test_00390_me_ax_t1.jpg,meningioma
0.9443035681941677,0.8944840010294244,0.9906158447265625,17.88854381999832,0.9870314274895873,0.9051215277777778,proposed,brisc2025_test_00298_me_ax_t1.jpg,meningioma
0.907694322000611,0.8309892919929679,0.9919319152832031,15.0,0.9066259808195292,0.9087651839552565,proposed,brisc2025_test_00164_gl_co_t1.jpg,glioma
0.865935620799434,0.7635683094198378,0.9985542297363281,6.239927843823264,0.9683544303797469,0.783109404990403,proposed,brisc2025_test_00276_me_ax_t1.jpg,meningioma
0.8730277986476334,0.7746666666666666,0.9987106323242188,3.0,0.8371757925072046,0.9120879120879121,proposed,brisc2025_test_00911_pi_co_t1.jpg,pituitary
0.0,0.0,0.9793777465820312,227.30618117324602,0.0,0.0,proposed,brisc2025_test_00011_gl_ax_t1.jpg,glioma
0.9524825722008821,0.9092761102811354,0.9974517822265625,7.0,0.9908243303241083,0.9169976715518422,proposed,brisc2025_test_00546_me_sa_t1.jpg,meningioma
0.9462926537244505,0.8980602223845467,0.995208740234375,16.44963896890404,0.9103249691484986,0.98521948179147,proposed,brisc2025_test_00408_me_co_t1.jpg,meningioma
0.93181185638742,0.8723293381969776,0.9990653991699219,3.0,0.9404494382022472,0.9233314947600662,proposed,brisc2025_test_00343_me_ax_t1.jpg,meningioma
0.9234194122885129,0.8577336641852771,0.993438720703125,12.083045973594572,0.9928195308760173,0.8630878069080317,proposed,brisc2025_test_00348_me_ax_t1.jpg,meningioma
0.9636319257993654,0.9298162976919454,0.9994316101074219,2.0,0.9685966633954858,0.9587178241864983,proposed,brisc2025_test_00475_me_co_t1.jpg,meningioma
0.9464641173389209,0.8983691328560064,0.9980506896972656,5.385164807134504,0.9005183413078149,0.9973504084786928,proposed,brisc2025_test_00247_gl_sa_t1.jpg,glioma
0.7842884739214424,0.6451271186440678,0.9987220764160156,6.0,0.9620853080568721,0.6619565217391304,proposed,brisc2025_test_00991_pi_sa_t1.jpg,pituitary
0.9642922541659037,0.9310466760961811,0.9962806701660156,9.436623724479027,0.9721606852754394,0.9565501707476568,proposed,brisc2025_test_00255_me_ax_t1.jpg,meningioma
0.5823553217320923,0.4107907507850414,0.99212646484375,19.007889277132133,0.6126011068539804,0.5549556498264558,proposed,brisc2025_test_00143_gl_co_t1.jpg,glioma
0.8132917964693666,0.6853342667133356,0.9965705871582031,14.142135623730951,0.987891019172553,0.6911401341334275,proposed,brisc2025_test_00761_pi_ax_t1.jpg,pituitary
0.7831981600290522,0.6436530043772384,0.9931678771972656,17.98328157299975,0.955404607206143,0.6635897435897435,proposed,brisc2025_test_00412_me_co_t1.jpg,meningioma
0.8973989386097098,0.8138926852457068,0.9880523681640625,47.21256898393546,0.8303728402546227,0.9761955669588768,proposed,brisc2025_test_00222_gl_sa_t1.jpg,glioma
0.606547714729679,0.43528416519264784,0.9719886779785156,73.54114488021693,0.4883520276100086,0.80022621235685,proposed,brisc2025_test_00210_gl_sa_t1.jpg,glioma
0.9731630575606145,0.9477289113193944,0.9988937377929688,2.23606797749979,0.9853823088455772,0.9612431444241316,proposed,brisc2025_test_00494_me_sa_t1.jpg,meningioma
0.9411891658573432,0.8889115368935997,0.9979209899902344,5.385164807134504,0.9466029954417191,0.9358369098712447,proposed,brisc2025_test_00403_me_co_t1.jpg,meningioma
0.9460167272112866,0.8975633215774287,0.9975624084472656,5.0,0.9864341085271318,0.9087810420386301,proposed,brisc2025_test_00360_me_ax_t1.jpg,meningioma
0.967607472880675,0.9372476528676363,0.9950790405273438,8.0,0.9792132547265704,0.9562735755409967,proposed,brisc2025_test_00292_me_ax_t1.jpg,meningioma
0.9235267656320288,0.8579189302131216,0.997406005859375,6.0,0.9068021201413428,0.9408799266727773,proposed,brisc2025_test_00424_me_co_t1.jpg,meningioma
0.5579879849302515,0.3869509956220873,0.9834403991699219,89.42580488472753,0.4146489104116223,0.8527855586679116,proposed,brisc2025_test_00042_gl_ax_t1.jpg,glioma
0.4008120649651972,0.2506347479143997,0.9921188354492188,25.583180814046337,0.2580283793876027,0.8974025974025974,proposed,brisc2025_test_00083_gl_ax_t1.jpg,glioma
0.8839419709854928,0.7920215150156881,0.99822998046875,10.478274369675368,0.8315294117647059,0.9434063000533903,proposed,brisc2025_test_00892_pi_co_t1.jpg,pituitary
0.8631840796019901,0.7592997811816192,0.9991607666015625,3.605551275463989,0.9857954545454546,0.7676991150442478,proposed,brisc2025_test_00770_pi_ax_t1.jpg,pituitary
0.8884470489744664,0.7992845038599133,0.9959335327148438,23.66696491010149,0.851896447922938,0.928274655587142,proposed,brisc2025_test_00029_gl_ax_t1.jpg,glioma
0.9651904501549116,0.9327227897146882,0.9992713928222656,2.23606797749979,0.9508078994614003,0.9800148038490007,proposed,brisc2025_test_00384_me_ax_t1.jpg,meningioma
0.967181567587247,0.9364487863833216,0.9975929260253906,3.605551275463989,0.9768859003992435,0.95766814296014,proposed,brisc2025_test_00312_me_ax_t1.jpg,meningioma
0.9057640847616981,0.8277594183740912,0.9950294494628906,12.695678256969646,0.8376136971642589,0.9859864588253818,proposed,brisc2025_test_00152_gl_co_t1.jpg,glioma
0.9657115644098738,0.9336965697183639,0.9967041015625,4.0,0.9454503069391561,0.9868602481953118,proposed,brisc2025_test_00274_me_ax_t1.jpg,meningioma
0.6635980053701572,0.4965556831228473,0.9933090209960938,18.06926332679739,0.5002891844997108,0.9851936218678815,proposed,brisc2025_test_00361_me_ax_t1.jpg,meningioma
0.9254159495123351,0.8611852642819007,0.9990081787109375,3.605551275463989,0.9275445658424382,0.9232970807097882,proposed,brisc2025_test_00965_pi_sa_t1.jpg,pituitary
0.9319026000825423,0.8724884080370943,0.9987411499023438,5.656854249492381,0.9864569681083443,0.8830660930778256,proposed,brisc2025_test_00990_pi_sa_t1.jpg,pituitary
0.921090387374462,0.8537234042553191,0.9979019165039062,9.219544457292887,0.8971492453884852,0.9463443396226415,proposed,brisc2025_test_00751_pi_ax_t1.jpg,pituitary
0.9685648495511112,0.9390458034415291,0.9953651428222656,5.830951894845301,0.9637524456801565,0.9734255551510739,proposed,brisc2025_test_00398_me_co_t1.jpg,meningioma
0.9617156016119747,0.926254505128916,0.9969558715820312,4.47213595499958,0.975094853584979,0.9486985328916233,proposed,brisc2025_test_00199_gl_sa_t1.jpg,glioma
0.8726689392420293,0.7741017431519033,0.9975776672363281,7.615773105863909,0.9611307420494699,0.799118619170033,proposed,brisc2025_test_00744_pi_ax_t1.jpg,pituitary
0.9791208791208791,0.9590958019375673,0.9978256225585938,3.2952597447570424,0.9770451056363769,0.9812054915204463,proposed,brisc2025_test_00379_me_ax_t1.jpg,meningioma
0.5778338351371145,0.406305429993706,0.960418701171875,48.46648326421054,0.6530255655692477,0.5181698774080561,proposed,brisc2025_test_00043_gl_ax_t1.jpg,glioma
0.9779686442921435,0.9568871236976918,0.9971427917480469,3.0,0.988112220637185,0.9680312117859431,proposed,brisc2025_test_00297_me_ax_t1.jpg,meningioma
0.9577564785232516,0.9189373297002725,0.9995460510253906,2.0708203932499396,0.9698058950395398,0.9460028050490884,proposed,brisc2025_test_00966_pi_sa_t1.jpg,pituitary
0.9333728161089725,0.8750694058856191,0.9991416931152344,4.368863084453436,0.9375371802498513,0.9292452830188679,proposed,brisc2025_test_00720_pi_ax_t1.jpg,pituitary
0.7565562913907284,0.6084363016616958,0.9964942932128906,10.546516894797737,0.9902912621359223,0.612087441063009,proposed,brisc2025_test_00768_pi_ax_t1.jpg,pituitary
0.9491916859122402,0.9032967032967033,0.998992919921875,3.0,0.9840383080606544,0.916728624535316,proposed,brisc2025_test_00535_me_sa_t1.jpg,meningioma
0.7547846889952153,0.6061479346781941,0.9953079223632812,23.1524516744735,0.6164115923152068,0.9732647814910026,proposed,brisc2025_test_00378_me_ax_t1.jpg,meningioma
0.9033837934105076,0.8237921234267154,0.9983444213867188,8.48528137423857,0.9717432950191571,0.8440099833610649,proposed,brisc2025_test_00833_pi_co_t1.jpg,pituitary
0.9571912534647367,0.9178972238629651,0.9989395141601562,3.0892527130926015,0.9634221946683199,0.9510403916768666,proposed,brisc2025_test_00853_pi_co_t1.jpg,pituitary
0.934519205980923,0.8770868618436971,0.9980621337890625,5.0,0.9679572763684913,0.9033142287565412,proposed,brisc2025_test_00801_pi_ax_t1.jpg,pituitary
0.9595927457842826,0.9223241590214067,0.9985466003417969,3.605551275463989,0.9329758713136729,0.9877729257641922,proposed,brisc2025_test_00380_me_ax_t1.jpg,meningioma
0.9459409932197178,0.8974269819193325,0.9977493286132812,3.1622776601683795,0.960550800148865,0.9317689530685921,proposed,brisc2025_test_00495_me_sa_t1.jpg,meningioma
0.9449818621523579,0.8957020057306591,0.9993057250976562,3.0,0.9518879415347138,0.9381752701080432,proposed,brisc2025_test_00745_pi_ax_t1.jpg,pituitary
0.9590668538719084,0.9213529777962233,0.9985542297363281,3.0,0.9724047306176085,0.9460899211591732,proposed,brisc2025_test_00501_me_sa_t1.jpg,meningioma
0.8179508890770534,0.6919770773638968,0.9975395202636719,10.295630140987,0.9634308510638298,0.7106424717999019,proposed,brisc2025_test_00748_pi_ax_t1.jpg,pituitary
0.9340849956634866,0.8763222131814483,0.999420166015625,2.23606797749979,0.9316608996539792,0.9365217391304348,proposed,brisc2025_test_00174_gl_sa_t1.jpg,glioma
0.953760162601626,0.9116075764934434,0.9993057250976562,2.23606797749979,0.9436902966314731,0.9640472521828454,proposed,brisc2025_test_00887_pi_co_t1.jpg,pituitary
0.9406612279948475,0.8879701686121919,0.9947280883789062,10.0,0.920658934274668,0.9615519662921348,proposed,brisc2025_test_00467_me_co_t1.jpg,meningioma
0.8442375440362355,0.7304593947311125,0.9952774047851562,10.795807930936634,0.7462188612099644,0.9719003476245655,proposed,brisc2025_test_00079_gl_ax_t1.jpg,glioma
0.9337680484396833,0.8757644591997205,0.9972877502441406,3.605551275463989,0.9288361749444033,0.9387525753886495,proposed,brisc2025_test_00317_me_ax_t1.jpg,meningioma
0.9462686567164179,0.8980169971671388,0.9971160888671875,10.19494316902433,0.941717357476305,0.9508641622625339,proposed,brisc2025_test_00185_gl_sa_t1.jpg,glioma
0.9545929018789144,0.9131303045431852,0.9986724853515625,4.920820393249949,0.9793842034805891,0.9310257062865869,proposed,brisc2025_test_00405_me_co_t1.jpg,meningioma
0.6507492178494978,0.4823041249694899,0.9919090270996094,28.0,0.7138728323699421,0.5978819969742813,proposed,brisc2025_test_00137_gl_co_t1.jpg,glioma
0.9864675361099425,0.9732964372189554,0.9970550537109375,2.8284271247461903,0.9868481043734437,0.9860872612581041,proposed,brisc2025_test_00304_me_ax_t1.jpg,meningioma
0.9363010068892422,0.8802311677959347,0.9977073669433594,9.848857801796104,0.8937677053824362,0.983084798575562,proposed,brisc2025_test_00332_me_ax_t1.jpg,meningioma
0.9698786581013562,0.9415188470066519,0.9975852966308594,4.47213595499958,0.9792447391179014,0.9606900452488688,proposed,brisc2025_test_00377_me_ax_t1.jpg,meningioma
0.8684588549148369,0.7675009067827349,0.9975547790527344,7.703287562383142,0.8718582612278534,0.8650858544562551,proposed,brisc2025_test_00093_gl_co_t1.jpg,glioma
0.958656566578443,0.9205959684487292,0.9982719421386719,4.0,0.968110599078341,0.9493853940708604,proposed,brisc2025_test_00439_me_co_t1.jpg,meningioma
0.8429041234505439,0.7284652383034543,0.9976310729980469,8.517578678331995,0.9754098360655737,0.7420935412026726,proposed,brisc2025_test_00799_pi_ax_t1.jpg,pituitary
0.9629126213592233,0.9284778131436061,0.9985427856445312,3.0,0.9769503546099291,0.9492725880551302,proposed,brisc2025_test_00489_me_sa_t1.jpg,meningioma
0.9719426001285072,0.9454166666666667,0.9985008239746094,3.0,0.9688300597779675,0.9750752041254834,proposed,brisc2025_test_00465_me_co_t1.jpg,meningioma
0.6729281767955801,0.5070774354704413,0.99774169921875,8.6536172634861,1.0,0.5070774354704413,proposed,brisc2025_test_00929_pi_sa_t1.jpg,pituitary
0.9141483516483516,0.8418722327640734,0.9980926513671875,13.9011565719009,0.9676481279534714,0.8662544744549301,proposed,brisc2025_test_00090_gl_co_t1.jpg,glioma
0.9624936126724578,0.927698975571316,0.9972000122070312,4.242640687119285,0.9643661683391358,0.9606283149734802,proposed,brisc2025_test_00245_gl_sa_t1.jpg,glioma
0.6402013942680093,0.4708060381657647,0.9858245849609375,38.05259518088089,0.475,0.9815914489311164,proposed,brisc2025_test_00062_gl_ax_t1.jpg,glioma
0.8524986696337865,0.7429173693086003,0.9883689880371094,16.727133323096112,0.7431053386185376,0.9996596324029953,proposed,brisc2025_test_00080_gl_ax_t1.jpg,glioma
0.7926994141505183,0.6565882792086599,0.996490478515625,12.0,0.9799442896935933,0.665531592886871,proposed,brisc2025_test_00781_pi_ax_t1.jpg,pituitary
0.8925033025099075,0.8058744595199046,0.9950332641601562,14.126165607314029,0.8719148249717696,0.9140876035853205,proposed,brisc2025_test_00907_pi_co_t1.jpg,pituitary
0.9368770764119602,0.88125,0.9995651245117188,2.23606797749979,0.9296703296703297,0.9441964285714286,proposed,brisc2025_test_00812_pi_ax_t1.jpg,pituitary
0.9438525770227469,0.8936750272628136,0.9992561340332031,3.0,0.9796772265391512,0.9105555555555556,proposed,brisc2025_test_00503_me_sa_t1.jpg,meningioma
0.9317561419472248,0.8722316865417377,0.9994277954101562,2.0,0.9292196007259528,0.9343065693430657,proposed,brisc2025_test_00831_pi_co_t1.jpg,pituitary
0.9653548604103599,0.9330299089726918,0.9992141723632812,2.23606797749979,0.9660047122181084,0.9647058823529412,proposed,brisc2025_test_00906_pi_co_t1.jpg,pituitary
0.9486833700049684,0.9023764515257899,0.9972419738769531,5.385164807134504,0.9066612399945734,0.9947901161059839,proposed,brisc2025_test_00103_gl_co_t1.jpg,glioma
0.8617531617967727,0.757088122605364,0.9963722229003906,13.92838827718412,0.9265395436073773,0.8054347826086956,proposed,brisc2025_test_00325_me_ax_t1.jpg,meningioma
0.9524781341107872,0.9092680211522405,0.9987564086914062,3.0,0.9668540988458124,0.9385234128124103,proposed,brisc2025_test_00358_me_ax_t1.jpg,meningioma
0.9361702127659575,0.88,0.998260498046875,7.0710678118654755,0.9584408139868157,0.9149110807113543,proposed,brisc2025_test_00089_gl_co_t1.jpg,glioma
0.9554117224020137,0.9146299483648881,0.999053955078125,2.8284271247461903,0.9818920916481892,0.9303221288515406,proposed,brisc2025_test_00898_pi_co_t1.jpg,pituitary
0.9282473845014351,0.8661022805805114,0.9970436096191406,11.604862930907759,0.9029178674351584,0.9550390550581063,proposed,brisc2025_test_00442_me_co_t1.jpg,meningioma
0.9688444108761329,0.9395715070499908,0.9974822998046875,4.47213595499958,0.9703101361573374,0.9673831070889894,proposed,brisc2025_test_00283_me_ax_t1.jpg,meningioma
0.9535039304231477,0.9111395237334186,0.9978790283203125,4.47213595499958,0.9654530059271803,0.9418470180075995,proposed,brisc2025_test_00828_pi_co_t1.jpg,pituitary
0.948143456575093,0.9013999698931205,0.9975013732910156,10.56713123146117,0.9200983405039951,0.9779519843214111,proposed,brisc2025_test_00894_pi_co_t1.jpg,pituitary
0.9328226281673542,0.8741027056874655,0.9991302490234375,3.605551275463989,0.9171494785631518,0.9490407673860911,proposed,brisc2025_test_00808_pi_ax_t1.jpg,pituitary
0.9620672519463309,0.9269071177784871,0.9991264343261719,2.8284271247461903,0.9673550966022652,0.956836902800659,proposed,brisc2025_test_00226_gl_sa_t1.jpg,glioma
0.9155046163642152,0.8441756693283231,0.9949378967285156,10.0,0.8523832108133744,0.9887223215513684,proposed,brisc2025_test_00209_gl_sa_t1.jpg,glioma
0.9333690125769334,0.875062719518314,0.9990501403808594,4.0,0.9452574525745258,0.9217758985200846,proposed,brisc2025_test_00792_pi_ax_t1.jpg,pituitary
0.9008880994671403,0.8196509372979961,0.9978713989257812,9.848857801796104,0.8805555555555555,0.9221818181818182,proposed,brisc2025_test_00550_me_sa_t1.jpg,meningioma
0.7380802729639939,0.5848868649494806,0.9888725280761719,21.965856099730654,0.8326580226904376,0.6627963231736816,proposed,brisc2025_test_00178_gl_sa_t1.jpg,glioma
0.9458196295655185,0.8972085385878489,0.9988059997558594,4.0,0.931787175989086,0.9602811950790862,proposed,brisc2025_test_00337_me_ax_t1.jpg,meningioma
0.9209443361490145,0.853472501003613,0.9986076354980469,4.4491864282115445,0.9815327793167128,0.8674010607915137,proposed,brisc2025_test_00437_me_co_t1.jpg,meningioma
0.9628341384863124,0.9283318842379829,0.9977989196777344,4.47213595499958,0.9429724955841534,0.9835504671667324,proposed,brisc2025_test_00395_me_co_t1.jpg,meningioma
0.901826942381048,0.8212065813528336,0.9962692260742188,13.781519356727236,0.8631821675634127,0.9440941572089113,proposed,brisc2025_test_00205_gl_sa_t1.jpg,glioma
0.9452792990142388,0.8962366038049348,0.9904708862304688,15.0,0.9717168077823816,0.9202422588074725,proposed,brisc2025_test_00073_gl_ax_t1.jpg,glioma
0.9019047619047619,0.821335646140503,0.9992141723632812,3.7436083290515794,0.9311701081612586,0.8744228993536473,proposed,brisc2025_test_00994_pi_sa_t1.jpg,pituitary
0.8721754906811809,0.7733255337818076,0.9970436096191406,12.96124969497313,0.8431122448979592,0.9033139733515545,proposed,brisc2025_test_00972_pi_sa_t1.jpg,pituitary
0.9243523316062177,0.859344894026975,0.9974937438964844,10.23707547270614,0.9058903182125931,0.9435825105782792,proposed,brisc2025_test_00809_pi_ax_t1.jpg,pituitary
0.6643026004728132,0.49734513274336284,0.997833251953125,16.76305461424021,0.8646153846153846,0.5393474088291746,proposed,brisc2025_test_00146_gl_co_t1.jpg,glioma
0.9673427294602956,0.936750998668442,0.9992752075195312,2.0,0.9791231732776617,0.9558423913043478,proposed,brisc2025_test_00476_me_co_t1.jpg,meningioma
0.9253625751680227,0.8610928242264648,0.9991950988769531,3.0,0.9519650655021834,0.9002064693737095,proposed,brisc2025_test_00433_me_co_t1.jpg,meningioma
0.7889847378898474,0.6515068493150685,0.985443115234375,27.018512172212592,0.9457775420920058,0.6767858836922493,proposed,brisc2025_test_00156_gl_co_t1.jpg,glioma
0.940628637951106,0.8879120879120879,0.9982490539550781,2.8284271247461903,0.959113690319177,0.9228426395939087,proposed,brisc2025_test_00998_pi_sa_t1.jpg,pituitary
0.9708827252848429,0.943413106687542,0.9990348815917969,2.8284271247461903,0.979108635097493,0.9627938826751883,proposed,brisc2025_test_00514_me_sa_t1.jpg,meningioma
0.7747514412231599,0.6323218547562223,0.97943115234375,31.304951684997057,0.775723607160783,0.7737817089452603,proposed,brisc2025_test_00158_gl_co_t1.jpg,glioma
0.9611923509561305,0.9252842447211694,0.9989471435546875,2.23606797749979,0.9617332583005065,0.9606520517144463,proposed,brisc2025_test_00891_pi_co_t1.jpg,pituitary
0.9368512110726643,0.8812042310821806,0.9983291625976562,9.219544457292887,0.907035175879397,0.9686940966010733,proposed,brisc2025_test_00735_pi_ax_t1.jpg,pituitary
0.9473006055920629,0.8998776009791921,0.9984397888183594,7.14777178564957,0.9280484726079273,0.9673684210526315,proposed,brisc2025_test_00436_me_co_t1.jpg,meningioma
0.9655334666509823,0.9333636570388901,0.9988822937011719,2.23606797749979,0.9860643921191735,0.945840055312284,proposed,brisc2025_test_00430_me_co_t1.jpg,meningioma
0.6635980053701572,0.4965556831228473,0.9933090209960938,18.06926332679739,0.5002891844997108,0.9851936218678815,proposed,brisc2025_test_00429_me_co_t1.jpg,meningioma
0.9568837347606304,0.9173318129988598,0.9983406066894531,3.1622776601683795,0.9573581911939707,0.9564097483653655,proposed,brisc2025_test_00006_gl_ax_t1.jpg,glioma
0.9086272843178921,0.8325545171339563,0.9958992004394531,13.0,0.9901815487217488,0.8394848437254594,proposed,brisc2025_test_00543_me_sa_t1.jpg,meningioma
0.9838612716763006,0.9682351870392282,0.9986686706542969,2.23606797749979,0.980641592920354,0.9871021620116915,proposed,brisc2025_test_00342_me_ax_t1.jpg,meningioma
0.928719723183391,0.8669250645994832,0.9992141723632812,3.605551275463989,0.9802775748721695,0.8823142669296515,proposed,brisc2025_test_00818_pi_ax_t1.jpg,pituitary
0.7977359746961877,0.6635281085571864,0.9953651428222656,20.249597861888848,0.9688637282652649,0.677985285795133,proposed,brisc2025_test_00784_pi_ax_t1.jpg,pituitary
0.9646586345381526,0.9317300232738557,0.998992919921875,2.23606797749979,0.9600319744204636,0.9693301049233253,proposed,brisc2025_test_00328_me_ax_t1.jpg,meningioma
0.8099320608217405,0.6805763218703276,0.9910354614257812,37.12070726825793,0.7035267668961641,0.9542595769010863,proposed,brisc2025_test_00160_gl_co_t1.jpg,glioma
0.9638142070661179,0.9301557825234705,0.9974174499511719,3.605551275463989,0.9722851288687587,0.9554896142433235,proposed,brisc2025_test_00359_me_ax_t1.jpg,meningioma
0.9682143451489432,0.9383870967741935,0.9970855712890625,4.0,0.9421099506112866,0.9958065896448438,proposed,brisc2025_test_00401_me_co_t1.jpg,meningioma
0.6390812978490703,0.4695954995981784,0.9924468994140625,30.768620980093527,0.7169734151329243,0.5764551134495232,proposed,brisc2025_test_00077_gl_ax_t1.jpg,glioma
0.9432643183651519,0.8926208651399491,0.9991950988769531,3.0,0.9017994858611825,0.9887260428410372,proposed,brisc2025_test_00363_me_ax_t1.jpg,meningioma
0.9393590039197602,0.8856521739130435,0.9979934692382812,5.0,0.9755747126436781,0.9057358826144953,proposed,brisc2025_test_00459_me_co_t1.jpg,meningioma
0.7674943566591422,0.6227106227106227,0.9992141723632812,42.243125637775854,0.8133971291866029,0.7264957264957265,proposed,brisc2025_test_00886_pi_co_t1.jpg,pituitary
0.9603753910323254,0.9237713139418254,0.998260498046875,4.0,0.9568831168831169,0.9638932496075353,proposed,brisc2025_test_00511_me_sa_t1.jpg,meningioma
0.561962806688545,0.3907846120408607,0.9893074035644531,101.49384217774002,0.8627639155470249,0.4166859791425261,proposed,brisc2025_test_00910_pi_co_t1.jpg,pituitary
0.25681381957773514,0.14732437789033254,0.9852294921875,87.27198446419473,0.29919499105545616,0.22494956287827841,proposed,brisc2025_test_00135_gl_co_t1.jpg,glioma
0.9273044489677231,0.8644619137977771,0.9980926513671875,4.242640687119285,0.9286546301688993,0.9259581881533101,proposed,brisc2025_test_00035_gl_ax_t1.jpg,glioma
0.9669249354328084,0.9359677419354838,0.9969711303710938,5.385164807134504,0.980982165497422,0.953264887063655,proposed,brisc2025_test_00536_me_sa_t1.jpg,meningioma
0.9567747298420615,0.9171314741035856,0.998809814453125,3.1622776601683795,0.940359477124183,0.9737732656514383,proposed,brisc2025_test_00520_me_sa_t1.jpg,meningioma
0.9305135951661632,0.8700564971751412,0.999298095703125,2.8284271247461903,0.9361702127659575,0.924924924924925,proposed,brisc2025_test_00759_pi_ax_t1.jpg,pituitary
0.7230905337658508,0.5662817551963049,0.9964179992675781,20.82698765763972,0.9808,0.5726296123306865,proposed,brisc2025_test_00777_pi_ax_t1.jpg,pituitary
0.8637478108581436,0.7601726263871763,0.9970321655273438,11.045084971874736,0.7762039660056658,0.9735491512041058,proposed,brisc2025_test_00885_pi_co_t1.jpg,pituitary
0.9417411651766965,0.8898968136976981,0.9962959289550781,142.0351252098229,0.9583587739650751,0.9256900212314225,proposed,brisc2025_test_00301_me_ax_t1.jpg,meningioma
0.9389193422083008,0.8848708487084871,0.99761962890625,5.385164807134504,0.9446523537522159,0.9332554971784394,proposed,brisc2025_test_00196_gl_sa_t1.jpg,glioma
0.9179875947622329,0.8484076433121019,0.9995460510253906,2.23606797749979,0.8891855807743658,0.9487179487179487,proposed,brisc2025_test_00979_pi_sa_t1.jpg,pituitary
0.925056511910972,0.8605629246198642,0.9983558654785156,9.219544457292887,0.9679767103347889,0.8857808857808858,proposed,brisc2025_test_00234_gl_sa_t1.jpg,glioma
0.724912206023199,0.5685194458354198,0.9901390075683594,27.485816969686994,0.5785629352811279,0.9703703703703703,proposed,brisc2025_test_00187_gl_sa_t1.jpg,glioma
0.9458940905602455,0.8973425555151074,0.9989242553710938,3.0,0.9146567717996289,0.9793404847040127,proposed,brisc2025_test_00127_gl_co_t1.jpg,glioma
0.9485213581599123,0.9020833333333333,0.9994621276855469,2.6211014232099368,0.9558498896247241,0.941304347826087,proposed,brisc2025_test_00181_gl_sa_t1.jpg,glioma
0.9423022264329701,0.8908993192404157,0.9976768493652344,5.0,0.9459767928476317,0.9386560966402416,proposed,brisc2025_test_00381_me_ax_t1.jpg,meningioma
0.8612779060816013,0.7563547863710114,0.9965629577636719,10.0,0.9671507607192255,0.7762975298362476,proposed,brisc2025_test_00800_pi_ax_t1.jpg,pituitary
0.9343168247277837,0.8767303889255109,0.9992866516113281,3.1622776601683795,0.9881129271916791,0.8860759493670886,proposed,brisc2025_test_00456_me_co_t1.jpg,meningioma
0.9503857207684163,0.9054618821155787,0.99749755859375,4.47213595499958,0.9521139566601,0.9486637475464291,proposed,brisc2025_test_00270_me_ax_t1.jpg,meningioma
0.8555166374781086,0.7475133894414691,0.9987411499023438,30.259639876036317,0.9888663967611336,0.753858024691358,proposed,brisc2025_test_00225_gl_sa_t1.jpg,glioma
0.9305157593123209,0.870060281312793,0.9992599487304688,3.0,0.9938791124713083,0.8747474747474747,proposed,brisc2025_test_00790_pi_ax_t1.jpg,pituitary
0.8808435852372584,0.7870603015075377,0.9987068176269531,5.0,0.9302152932442465,0.8364485981308412,proposed,brisc2025_test_00933_pi_sa_t1.jpg,pituitary
0.8932469304229195,0.8070878274268105,0.9952239990234375,8.94427190999916,0.8286663502610346,0.9687442204549658,proposed,brisc2025_test_00243_gl_sa_t1.jpg,glioma
0.0,0.0,0.9485282897949219,192.27322928130152,0.0,0.0,proposed,brisc2025_test_00045_gl_ax_t1.jpg,glioma
0.9011272141706924,0.8200468933177022,0.9988288879394531,4.920820393249919,0.9575633127994524,0.8509732360097324,proposed,brisc2025_test_00704_pi_ax_t1.jpg,pituitary
0.8707653701380176,0.7711111111111111,0.9992141723632812,5.0990195135927845,0.9353099730458221,0.8145539906103286,proposed,brisc2025_test_00955_pi_sa_t1.jpg,pituitary
0.9586183310533516,0.9205254515599344,0.9990768432617188,2.8284271247461903,0.9396580623533356,0.9783595113438045,proposed,brisc2025_test_00071_gl_ax_t1.jpg,glioma
0.9410384276914051,0.8886426592797784,0.9992332458496094,2.23606797749979,0.9144811858608894,0.9691842900302114,proposed,brisc2025_test_00916_pi_sa_t1.jpg,pituitary
0.9573525339241208,0.9181938911022577,0.9988250732421875,2.38415776431139,0.9570874861572536,0.957617728531856,proposed,brisc2025_test_00448_me_co_t1.jpg,meningioma
0.4977809337830641,0.331363743795793,0.9892082214355469,44.03454907263003,0.7854341736694678,0.36434511434511435,proposed,brisc2025_test_00880_pi_co_t1.jpg,pituitary
0.9657420149199681,0.9337535014005602,0.9981956481933594,3.605551275463989,0.95872878918608,0.9728586020720852,proposed,brisc2025_test_00038_gl_ax_t1.jpg,glioma
0.8681635002878526,0.7670396744659207,0.9991264343261719,6.0,0.9605095541401274,0.792016806722689,proposed,brisc2025_test_00788_pi_ax_t1.jpg,pituitary
0.805761316872428,0.6747070985527223,0.998199462890625,9.909314681077658,0.9270833333333334,0.7125181950509462,proposed,brisc2025_test_00500_me_sa_t1.jpg,meningioma
0.9344132126409401,0.8769001490312965,0.9968490600585938,9.848857801796104,0.8908402725208175,0.9824678577391885,proposed,brisc2025_test_00203_gl_sa_t1.jpg,glioma
0.7663006946000448,0.6211405739193607,0.9960212707519531,13.45362404707371,0.9484193011647255,0.6428571428571429,proposed,brisc2025_test_00758_pi_ax_t1.jpg,pituitary
0.7848484848484848,0.6458852867830424,0.9972915649414062,9.944722215136414,0.9862909367859863,0.6517362858580775,proposed,brisc2025_test_00940_pi_sa_t1.jpg,pituitary
0.9219211161792327,0.8551518168242906,0.9988899230957031,6.4031242374328485,0.946556473829201,0.8985355648535565,proposed,brisc2025_test_00832_pi_co_t1.jpg,pituitary
0.9728260869565217,0.9470899470899471,0.9988937377929688,2.23606797749979,0.9586334256694368,0.9874453110138862,proposed,brisc2025_test_00349_me_ax_t1.jpg,meningioma
0.9239690721649485,0.858682634730539,0.9986495971679688,8.06225774829855,0.9839890210430009,0.8708502024291498,proposed,brisc2025_test_00049_gl_ax_t1.jpg,glioma
0.9616790030919142,0.9261866089153582,0.9984397888183594,2.8284271247461903,0.9491400036989088,0.9745537409798709,proposed,brisc2025_test_00028_gl_ax_t1.jpg,glioma
0.7160322952710496,0.5576715774344233,0.9953041076660156,19.35096694715156,0.739399714149595,0.6940966010733453,proposed,brisc2025_test_00125_gl_co_t1.jpg,glioma
0.9659677909450015,0.9341757272994416,0.998291015625,3.0,0.956953642384106,0.9751533742331289,proposed,brisc2025_test_00490_me_sa_t1.jpg,meningioma
0.7381679389312977,0.5849969751966122,0.9973831176757812,35.87755887415929,0.6163161249203314,0.9200761179828735,proposed,brisc2025_test_00855_pi_co_t1.jpg,pituitary
0.929808973789427,0.8688252386882523,0.9987945556640625,6.0,0.978494623655914,0.8857384680490902,proposed,brisc2025_test_00967_pi_sa_t1.jpg,pituitary
0.8778314147790568,0.7822634017207147,0.9987449645996094,14.34886795744953,0.9594155844155844,0.8090349075975359,proposed,brisc2025_test_00889_pi_co_t1.jpg,pituitary
0.5781292609762749,0.4065976217874952,0.9763946533203125,38.63935817272331,0.45303985468532965,0.7986438123940478,proposed,brisc2025_test_00009_gl_ax_t1.jpg,glioma
0.6730738931778794,0.5072429351697934,0.9920845031738281,41.60197831110048,0.725050916496945,0.6280505733607762,proposed,brisc2025_test_00016_gl_ax_t1.jpg,glioma
0.9698064516129032,0.9413827655310621,0.9991073608398438,2.23606797749979,0.9509109311740891,0.989468141126909,proposed,brisc2025_test_00497_me_sa_t1.jpg,meningioma
0.9767962548341136,0.9546449174457927,0.998260498046875,2.23606797749979,0.980388151174668,0.9732305820320422,proposed,brisc2025_test_00554_me_sa_t1.jpg,meningioma
0.7838682784493539,0.6445586975149957,0.9920883178710938,19.57962667069519,0.7402086203503248,0.8330011074197121,proposed,brisc2025_test_00154_gl_co_t1.jpg,glioma
0.9357798165137615,0.8793103448275862,0.9990386962890625,3.605551275463989,0.972457627118644,0.9017681728880157,proposed,brisc2025_test_00786_pi_ax_t1.jpg,pituitary
0.8975782038345106,0.814187643020595,0.9984512329101562,9.541136703698776,0.8313084112149532,0.975328947368421,proposed,brisc2025_test_00076_gl_ax_t1.jpg,glioma
0.9676144138665045,0.937260677466863,0.9983749389648438,3.0,0.9714547397343917,0.9638043313645313,proposed,brisc2025_test_00447_me_co_t1.jpg,meningioma
0.9725447639717851,0.9465568229826785,0.9990348815917969,2.23606797749979,0.9632416165090284,0.9820293666447513,proposed,brisc2025_test_00373_me_ax_t1.jpg,meningioma
0.7576687116564417,0.6098765432098765,0.9981918334960938,16.290537878752865,0.6190476190476191,0.9762845849802372,proposed,brisc2025_test_00926_pi_sa_t1.jpg,pituitary
0.966615502686109,0.935388043074638,0.9980087280273438,3.0,0.9586451858429532,0.9747194634335096,unet_pso,brisc2025_test_00387_me_ax_t1.jpg,meningioma
0.0,0.0,0.9822463989257812,512.0,0.0,0.0,unet_pso,brisc2025_test_00717_pi_ax_t1.jpg,pituitary
0.5450476975621246,0.37461550914683506,0.9852638244628906,67.99779375974293,0.8692712246431255,0.39698061417052666,unet_pso,brisc2025_test_00132_gl_co_t1.jpg,glioma
0.9326607818411097,0.8738185255198487,0.9989814758300781,3.1622776601683795,0.9665446941975954,0.9010721247563352,unet_pso,brisc2025_test_00457_me_co_t1.jpg,meningioma
0.9640930050034338,0.9306752533383843,0.9972076416015625,4.123105625617661,0.990625,0.938945155742404,unet_pso,brisc2025_test_00461_me_co_t1.jpg,meningioma
0.8015414258188824,0.6688102893890675,0.9980354309082031,8.06225774829855,0.9820585457979226,0.6770833333333334,unet_pso,brisc2025_test_00782_pi_ax_t1.jpg,pituitary
0.9045057162071285,0.8256599140577041,0.9989166259765625,5.0,0.8545108005082592,0.9607142857142857,unet_pso,brisc2025_test_00030_gl_ax_t1.jpg,glioma
0.9398663697104677,0.8865546218487395,0.999176025390625,2.8284271247461903,0.9569160997732427,0.9234135667396062,unet_pso,brisc2025_test_00803_pi_ax_t1.jpg,pituitary
0.9695313020868058,0.9408643892339544,0.9965133666992188,7.0071067811865415,0.9765630246457592,0.9626001191500629,unet_pso,brisc2025_test_00265_me_ax_t1.jpg,meningioma
0.4813848707612047,0.3169893816364772,0.9916572570800781,46.87216658103186,0.3272082527401676,0.9103139013452914,unet_pso,brisc2025_test_00471_me_co_t1.jpg,meningioma
0.965212084223375,0.9327631966971395,0.9991302490234375,2.23606797749979,0.9663916895814237,0.9640353550746723,unet_pso,brisc2025_test_00215_gl_sa_t1.jpg,glioma
0.7818997146351406,0.64190093708166,0.9979591369628906,9.5169564660045,0.6959361393323658,0.892093023255814,unet_pso,brisc2025_test_00058_gl_ax_t1.jpg,glioma
0.9131428571428571,0.8401682439537329,0.999420166015625,3.605551275463989,0.9591836734693877,0.871319520174482,unet_pso,brisc2025_test_00947_pi_sa_t1.jpg,pituitary
0.6121642969984202,0.4410927717700626,0.9925079345703125,46.07329171484833,0.9422492401215805,0.4533489324363849,unet_pso,brisc2025_test_00390_me_ax_t1.jpg,meningioma
0.9404772624943719,0.8876423593404725,0.9899139404296875,15.25777926032456,0.988640666414237,0.8967885969431565,unet_pso,brisc2025_test_00298_me_ax_t1.jpg,meningioma
0.9272214145215086,0.8643176020408163,0.9935073852539062,8.06225774829855,0.9452484742807323,0.9098690835850957,unet_pso,brisc2025_test_00164_gl_co_t1.jpg,glioma
0.8863391896737182,0.7958789439793947,0.9987907409667969,5.385164807134504,0.9778481012658228,0.8104918032786885,unet_pso,brisc2025_test_00276_me_ax_t1.jpg,meningioma
0.8764209754308764,0.7800261096605744,0.9987144470214844,4.0,0.8609510086455331,0.8924570575056012,unet_pso,brisc2025_test_00911_pi_co_t1.jpg,pituitary
0.0,0.0,0.998260498046875,221.36010407510753,0.0,0.0,unet_pso,brisc2025_test_00011_gl_ax_t1.jpg,glioma
0.9419183072934912,0.8902132167924778,0.9968376159667969,8.246211251235321,0.994820186473287,0.8943587014369345,unet_pso,brisc2025_test_00546_me_sa_t1.jpg,meningioma
0.924870579022926,0.8602411588573279,0.9934120178222656,16.303300370251115,0.8745372274784039,0.9813515509601182,unet_pso,brisc2025_test_00408_me_co_t1.jpg,meningioma
0.9251626898047722,0.8607467204843592,0.9989471435546875,4.0,0.9584269662921349,0.8941299790356394,unet_pso,brisc2025_test_00343_me_ax_t1.jpg,meningioma
0.9175339566061034,0.8476330155626172,0.9928665161132812,11.40175425099138,0.9959789372905696,0.8505437004333252,unet_pso,brisc2025_test_00348_me_ax_t1.jpg,meningioma
0.9634615384615385,0.9294990723562152,0.999420166015625,2.0,0.9833169774288518,0.944392082940622,unet_pso,brisc2025_test_00475_me_co_t1.jpg,meningioma
0.9666127074059085,0.9353828079107108,0.9987411499023438,3.0,0.9523524720893142,0.9813064913722268,unet_pso,brisc2025_test_00247_gl_sa_t1.jpg,glioma
0.7077444884115319,0.5476815398075241,0.9980278015136719,9.230266291031075,0.9889415481832543,0.551056338028169,unet_pso,brisc2025_test_00991_pi_sa_t1.jpg,pituitary
0.961147119527827,0.9252004182642035,0.9959068298339844,8.94427190999916,0.9800620292423571,0.9429484902309059,unet_pso,brisc2025_test_00255_me_ax_t1.jpg,meningioma
0.5471527568544743,0.3766072169224388,0.9942665100097656,56.96792868419625,0.38654746700723713,0.9360824742268041,unet_pso,brisc2025_test_00143_gl_co_t1.jpg,glioma
0.7613176651897515,0.6146189735614308,0.9952735900878906,13.601470508735444,0.9969727547931383,0.6157681520722966,unet_pso,brisc2025_test_00761_pi_ax_t1.jpg,pituitary
0.6020097098340296,0.4306251009529963,0.9865531921386719,217.42676716167685,0.787359716479622,0.48729665509047704,unet_pso,brisc2025_test_00412_me_co_t1.jpg,meningioma
0.8959302901277354,0.8114798206278027,0.9879722595214844,46.52300712854442,0.8227947862988785,0.9833357484422548,unet_pso,brisc2025_test_00222_gl_sa_t1.jpg,glioma
0.3879749693568157,0.2406755242516408,0.9638099670410156,100.5837790706516,0.25944779982743743,0.7688570698031194,unet_pso,brisc2025_test_00210_gl_sa_t1.jpg,glioma
0.9686703096539162,0.9392440833627693,0.998687744140625,3.1622776601683795,0.9966266866566716,0.9422395464209781,unet_pso,brisc2025_test_00494_me_sa_t1.jpg,meningioma
0.9371115558832824,0.8816650148662042,0.9977226257324219,5.069313659514942,0.9654873019318428,0.9103561195251739,unet_pso,brisc2025_test_00403_me_co_t1.jpg,meningioma
0.9384602468306608,0.8840556785827269,0.9972038269042969,7.0710678118654755,0.9846723044397463,0.8963913392141138,unet_pso,brisc2025_test_00360_me_ax_t1.jpg,meningioma
0.9609634963993047,0.9248601883275178,0.9940032958984375,9.219544457292887,0.9833807684488717,0.9395454986889386,unet_pso,brisc2025_test_00292_me_ax_t1.jpg,meningioma
0.9259052924791087,0.8620331950207469,0.9974632263183594,6.324555320336759,0.9176236749116607,0.9343377557904206,unet_pso,brisc2025_test_00424_me_co_t1.jpg,meningioma
0.04004152454397153,0.020429782082324457,0.9753074645996094,111.92226741985267,0.020429782082324457,1.0,unet_pso,brisc2025_test_00042_gl_ax_t1.jpg,glioma
0.0023859230539815092,0.0011943863839952225,0.9872398376464844,53.15401289829659,0.0014936519790888724,0.005925925925925926,unet_pso,brisc2025_test_00083_gl_ax_t1.jpg,glioma
0.804932735426009,0.6735459662288931,0.997344970703125,14.37523228449513,0.6757647058823529,0.9951489951489951,unet_pso,brisc2025_test_00892_pi_co_t1.jpg,pituitary
0.791196388261851,0.6545284780578898,0.9985885620117188,5.0,0.9957386363636364,0.6563670411985019,unet_pso,brisc2025_test_00770_pi_ax_t1.jpg,pituitary
0.6088379705400983,0.4376470588235294,0.9772071838378906,50.08991914547278,0.9331727874774233,0.45180722891566266,unet_pso,brisc2025_test_00029_gl_ax_t1.jpg,glioma
0.9664358018114012,0.9350515463917526,0.9992790222167969,2.8284271247461903,0.9770197486535009,0.9560787069571328,unet_pso,brisc2025_test_00384_me_ax_t1.jpg,meningioma
0.956259888735773,0.9161858190709047,0.9967308044433594,5.141941307624036,0.9842403866358479,0.9298263027295285,unet_pso,brisc2025_test_00312_me_ax_t1.jpg,meningioma
0.9573002754820936,0.9180977542932629,0.9976348876953125,4.47213595499958,0.92964151952916,0.9866553094832482,unet_pso,brisc2025_test_00152_gl_co_t1.jpg,glioma
0.9710809102402023,0.9437874366456765,0.9972076416015625,3.605551275463989,0.9550081591421244,0.9877039299204372,unet_pso,brisc2025_test_00274_me_ax_t1.jpg,meningioma
0.7281272595806219,0.572484366117112,0.9942626953125,20.604607597336866,0.5824175824175825,0.9710703953712633,unet_pso,brisc2025_test_00361_me_ax_t1.jpg,meningioma
0.9234209055338177,0.857736240913811,0.9989547729492188,4.3114892674833625,0.9499712478435882,0.8983143012506797,unet_pso,brisc2025_test_00965_pi_sa_t1.jpg,pituitary
0.9083665338645418,0.8321167883211679,0.9982452392578125,6.0,0.9960681520314548,0.834859025997803,unet_pso,brisc2025_test_00990_pi_sa_t1.jpg,pituitary
0.9435495167390391,0.8931317952797666,0.9984626770019531,5.0,0.941307993292342,0.9458017410839652,unet_pso,brisc2025_test_00751_pi_ax_t1.jpg,pituitary
0.9727782637781094,0.9469992986674682,0.9959640502929688,4.123105625617661,0.9733292142930697,0.9722279366385518,unet_pso,brisc2025_test_00398_me_co_t1.jpg,meningioma
0.9259469696969697,0.8621054487744666,0.9940338134765625,8.54400374531753,0.9512598501799786,0.9019463149155982,unet_pso,brisc2025_test_00199_gl_sa_t1.jpg,glioma
0.8327137546468402,0.7133757961783439,0.9965667724609375,10.816653826391969,0.9893992932862191,0.7188703465982028,unet_pso,brisc2025_test_00744_pi_ax_t1.jpg,pituitary
0.9495607126605762,0.9039653448850383,0.9945030212402344,8.056031973468686,0.9915929527012208,0.9109469442578912,unet_pso,brisc2025_test_00379_me_ax_t1.jpg,meningioma
0.5867125932884505,0.4151403249630724,0.9697914123535156,43.683519141761856,0.5169210961927534,0.6782912996259202,unet_pso,brisc2025_test_00043_gl_ax_t1.jpg,glioma
0.9787571151927704,0.9583979773602253,0.9972381591796875,3.0,0.9913813599619591,0.9664503418704369,unet_pso,brisc2025_test_00297_me_ax_t1.jpg,meningioma
0.9246947082767978,0.8599369085173502,0.9991531372070312,3.605551275463989,0.9798705966930266,0.8754014129736674,unet_pso,brisc2025_test_00966_pi_sa_t1.jpg,pituitary
0.9353828636493026,0.8786096256684492,0.9991340637207031,4.3229640308773805,0.9773944080904223,0.8968340611353712,unet_pso,brisc2025_test_00720_pi_ax_t1.jpg,pituitary
0.7339308578745198,0.5796925566343042,0.9960365295410156,10.0,0.9937586685159501,0.5818107998375964,unet_pso,brisc2025_test_00768_pi_ax_t1.jpg,pituitary
0.930171277997365,0.8694581280788177,0.9985847473144531,4.242640687119285,0.9860335195530726,0.8802992518703242,unet_pso,brisc2025_test_00535_me_sa_t1.jpg,meningioma
0.7974373469003203,0.6631150109683485,0.9958992004394531,22.360679774997898,0.6890263757733637,0.9463327370304114,unet_pso,brisc2025_test_00378_me_ax_t1.jpg,meningioma
0.9150501672240803,0.843403205918619,0.9985466003417969,5.0,0.9827586206896551,0.8560700876095119,unet_pso,brisc2025_test_00833_pi_co_t1.jpg,pituitary
0.9605365777569802,0.9240696278511404,0.9990348815917969,3.0,0.9544327340359579,0.9667189952904238,unet_pso,brisc2025_test_00853_pi_co_t1.jpg,pituitary
0.9232303090727817,0.8574074074074074,0.997650146484375,7.003553390593271,0.9890520694259012,0.8656228090675392,unet_pso,brisc2025_test_00801_pi_ax_t1.jpg,pituitary
0.9657491069552427,0.9337667614790736,0.9987564086914062,3.605551275463989,0.9478242936687977,0.9843649603769544,unet_pso,brisc2025_test_00380_me_ax_t1.jpg,meningioma
0.9279223643581826,0.8655365371955234,0.9968833923339844,11.375340525389388,0.978600669892073,0.8822345244086562,unet_pso,brisc2025_test_00495_me_sa_t1.jpg,meningioma
0.9435078379177758,0.893057110862262,0.9992713928222656,4.2067801686687964,0.9713763702801461,0.917193789534215,unet_pso,brisc2025_test_00745_pi_ax_t1.jpg,pituitary
0.9555341262187935,0.9148543290931473,0.9984169006347656,4.0,0.9765659220324134,0.9353891336270191,unet_pso,brisc2025_test_00501_me_sa_t1.jpg,meningioma
0.7500634356762244,0.6000812017864393,0.9962425231933594,10.0,0.9827127659574468,0.6064833812064013,unet_pso,brisc2025_test_00748_pi_ax_t1.jpg,pituitary
0.9199346405228758,0.8517397881996974,0.9992523193359375,183.8885312855158,0.9740484429065744,0.871517027863777,unet_pso,brisc2025_test_00174_gl_sa_t1.jpg,glioma
0.9540918163672655,0.9122137404580153,0.999298095703125,2.23606797749979,0.9612870789341378,0.9470034670629024,unet_pso,brisc2025_test_00887_pi_co_t1.jpg,pituitary
0.8963317384370016,0.8121387283236994,0.9910736083984375,30.228882599801185,0.8502269288956127,0.9477234401349073,unet_pso,brisc2025_test_00467_me_co_t1.jpg,meningioma
0.8721674876847291,0.7733129504258571,0.9960403442382812,11.40175425099138,0.7875889679715302,0.9770971302428256,unet_pso,brisc2025_test_00079_gl_ax_t1.jpg,glioma
0.9303908045977012,0.8698418156808804,0.9971122741699219,3.605551275463989,0.9375463306152706,0.9233436758532579,unet_pso,brisc2025_test_00317_me_ax_t1.jpg,meningioma
0.8525310700212185,0.7429665830141329,0.9925765991210938,20.0,0.7957278257179233,0.9180675697731353,unet_pso,brisc2025_test_00185_gl_sa_t1.jpg,glioma
0.9014461052375744,0.820575221238938,0.9969062805175781,12.727922061357855,0.9930388219544846,0.8253226524254562,unet_pso,brisc2025_test_00405_me_co_t1.jpg,meningioma
0.0,0.0,0.983795166015625,188.2876782950313,0.0,0.0,unet_pso,brisc2025_test_00137_gl_co_t1.jpg,glioma
0.9708340498710232,0.9433211910570464,0.9935302734375,127.96248625702233,0.9899694876021464,0.9524243344468064,unet_pso,brisc2025_test_00304_me_ax_t1.jpg,meningioma
0.9642279708973323,0.9309268292682927,0.9986495971679688,3.605551275463989,0.9653986240388507,0.9630601534113847,unet_pso,brisc2025_test_00332_me_ax_t1.jpg,meningioma
0.9625512270950115,0.9278060297856884,0.9969673156738281,5.0,0.9817430575574133,0.9440953613010534,unet_pso,brisc2025_test_00377_me_ax_t1.jpg,meningioma
0.7033689400164339,0.5424588086185045,0.9931144714355469,29.0,0.8817470127729707,0.5850191361399671,unet_pso,brisc2025_test_00093_gl_co_t1.jpg,glioma
0.9575735361495464,0.9186005625879043,0.9982337951660156,2.8284271247461903,0.9631336405529954,0.9520772594752187,unet_pso,brisc2025_test_00439_me_co_t1.jpg,meningioma
0.8156559555448176,0.6886984904120768,0.9970893859863281,10.079215610874224,0.9882903981264637,0.6943644590703414,unet_pso,brisc2025_test_00799_pi_ax_t1.jpg,pituitary
0.9293154761904762,0.8679638637943016,0.997100830078125,8.22781590094164,0.9842395587076438,0.8801973220577872,unet_pso,brisc2025_test_00489_me_sa_t1.jpg,meningioma
0.9736322617033277,0.948619315840088,0.9985733032226562,2.8284271247461903,0.9827782522060916,0.9646549315451244,unet_pso,brisc2025_test_00465_me_co_t1.jpg,meningioma
0.5654596100278552,0.3941747572815534,0.996429443359375,14.815445903775952,1.0,0.3941747572815534,unet_pso,brisc2025_test_00929_pi_sa_t1.jpg,pituitary
0.9101796407185628,0.8351648351648352,0.9979400634765625,14.92459841818755,0.9945474372955289,0.8390064397424103,unet_pso,brisc2025_test_00090_gl_co_t1.jpg,glioma
0.9542202431580528,0.912448569514879,0.9965095520019531,6.324555320336759,0.9764489043620725,0.9329811173075041,unet_pso,brisc2025_test_00245_gl_sa_t1.jpg,glioma
0.7873684210526316,0.6493055555555556,0.9899826049804688,26.983281572999726,0.6985632183908046,0.9020408163265307,unet_pso,brisc2025_test_00062_gl_ax_t1.jpg,glioma
0.8576759316844472,0.7508166513108301,0.9886512756347656,16.76305461424021,0.7560091085434765,0.9909352199867345,unet_pso,brisc2025_test_00080_gl_ax_t1.jpg,glioma
0.834407535944472,0.7158655891110166,0.9974517822265625,11.180339887498949,0.9376044568245125,0.7516748548459133,unet_pso,brisc2025_test_00781_pi_ax_t1.jpg,pituitary
0.9377400768245838,0.8827783637185476,0.9970321655273438,7.0710678118654755,0.9451524439425714,0.9304430681276799,unet_pso,brisc2025_test_00907_pi_co_t1.jpg,pituitary
0.9275521405049396,0.8648925281473899,0.9994964599609375,2.8284271247461903,0.9285714285714286,0.9265350877192983,unet_pso,brisc2025_test_00812_pi_ax_t1.jpg,pituitary
0.7359037218631602,0.5821579689703809,0.9954795837402344,21.18962010041709,0.9868499701135685,0.5867093105899076,unet_pso,brisc2025_test_00503_me_sa_t1.jpg,meningioma
0.927694406548431,0.8651399491094147,0.9993934631347656,4.403287374635489,0.925589836660617,0.9298085688240656,unet_pso,brisc2025_test_00831_pi_co_t1.jpg,pituitary
0.9652535328345803,0.9328406169665809,0.9992027282714844,3.0,0.9771120834735779,0.9536793692509855,unet_pso,brisc2025_test_00906_pi_co_t1.jpg,pituitary
0.8977783248199889,0.8145170295924065,0.9936637878417969,16.0,0.9895536562203229,0.8215814372606443,unet_pso,brisc2025_test_00103_gl_co_t1.jpg,glioma
0.8662072925638817,0.7639908837680426,0.9964447021484375,12.002079728939613,0.9431072210065645,0.8009025749933634,unet_pso,brisc2025_test_00325_me_ax_t1.jpg,meningioma
0.9467978890315218,0.8989707475622969,0.9985771179199219,4.0,0.982243267238828,0.9138215859030837,unet_pso,brisc2025_test_00358_me_ax_t1.jpg,meningioma
0.9114130434782609,0.8372441337993011,0.9975128173828125,9.219544457292887,0.9613069647463457,0.866442779643503,unet_pso,brisc2025_test_00089_gl_co_t1.jpg,glioma
0.9432159915089333,0.8925343153665886,0.9987754821777344,4.0,0.9852180339985218,0.9046487953851374,unet_pso,brisc2025_test_00898_pi_co_t1.jpg,pituitary
0.9348322822411114,0.8776385790286597,0.9972801208496094,8.784164644126516,0.9211095100864554,0.9489701243273334,unet_pso,brisc2025_test_00442_me_co_t1.jpg,meningioma
0.9699831681316626,0.9417158420335906,0.9975509643554688,4.0,0.9808055975794251,0.9593969663337033,unet_pso,brisc2025_test_00283_me_ax_t1.jpg,meningioma
0.9451827242524917,0.8960629921259843,0.9974822998046875,5.0,0.9635901778154107,0.9274653626731867,unet_pso,brisc2025_test_00828_pi_co_t1.jpg,pituitary
0.936809960065774,0.8811312417145383,0.9969215393066406,10.487766334866576,0.9191763982790412,0.9551333226888072,unet_pso,brisc2025_test_00894_pi_co_t1.jpg,pituitary
0.9354005167958657,0.8786407766990292,0.9991416931152344,2.8284271247461903,0.9438006952491309,0.9271485486624929,unet_pso,brisc2025_test_00808_pi_ax_t1.jpg,pituitary
0.9492566257272139,0.9034143340510612,0.9988021850585938,5.0990195135927845,0.9783477681545636,0.9218455743879472,unet_pso,brisc2025_test_00226_gl_sa_t1.jpg,glioma
0.9377285057200142,0.8827578550016654,0.9959716796875,6.4031242374328485,0.9427317998577187,0.9327780384795871,unet_pso,brisc2025_test_00209_gl_sa_t1.jpg,glioma
0.9148665819567979,0.8430913348946136,0.9987220764160156,7.0,0.975609756097561,0.861244019138756,unet_pso,brisc2025_test_00792_pi_ax_t1.jpg,pituitary
0.9181555215245873,0.8486945580371186,0.9981651306152344,6.4031242374328485,0.9368055555555556,0.9002335669002336,unet_pso,brisc2025_test_00550_me_sa_t1.jpg,meningioma
0.7227263950569608,0.5658352229780801,0.989044189453125,23.08679276123039,0.7583063209076175,0.6903356694946514,unet_pso,brisc2025_test_00178_gl_sa_t1.jpg,glioma
0.9492377282626906,0.9033801020408163,0.9988441467285156,3.18444134093314,0.9662346521145976,0.9328284491274283,unet_pso,brisc2025_test_00337_me_ax_t1.jpg,meningioma
0.88379705400982,0.7917888563049853,0.997833251953125,6.4031242374328485,0.997229916897507,0.7935341660543718,unet_pso,brisc2025_test_00437_me_co_t1.jpg,meningioma
0.9635304546030138,0.929627367135003,0.997802734375,5.0,0.9600050466818068,0.9670818505338078,unet_pso,brisc2025_test_00395_me_co_t1.jpg,meningioma
0.9258536585365854,0.8619436875567665,0.997100830078125,10.198039027185569,0.9117986164488855,0.9403487911216806,unet_pso,brisc2025_test_00205_gl_sa_t1.jpg,glioma
0.9586099607791582,0.9205100151489648,0.9927940368652344,8.06225774829855,0.9851828499369483,0.933432899509281,unet_pso,brisc2025_test_00073_gl_ax_t1.jpg,glioma
0.8318509106310885,0.7121102248005802,0.9984855651855469,10.735283663885419,0.9655850540806293,0.7306547619047619,unet_pso,brisc2025_test_00994_pi_sa_t1.jpg,pituitary
0.9097859327217125,0.8345021037868162,0.9977493286132812,5.385164807134504,0.9486607142857143,0.8739717978848414,unet_pso,brisc2025_test_00972_pi_sa_t1.jpg,pituitary
0.9168777342850564,0.8465136054421769,0.9972457885742188,11.641052550594814,0.8986684721281878,0.9358401880141011,unet_pso,brisc2025_test_00809_pi_ax_t1.jpg,pituitary
0.5252796420581656,0.3561893203883495,0.9959526062011719,71.75474270759412,0.9030769230769231,0.37034700315457414,unet_pso,brisc2025_test_00146_gl_co_t1.jpg,glioma
0.953362622507604,0.9108814982240878,0.9989471435546875,2.8284271247461903,0.9815588030619345,0.9267411300919842,unet_pso,brisc2025_test_00476_me_co_t1.jpg,meningioma
0.9183955739972337,0.8491048593350383,0.9990997314453125,3.605551275463989,0.9665211062590975,0.8748353096179183,unet_pso,brisc2025_test_00433_me_co_t1.jpg,meningioma
0.7331794575879977,0.5787555798487747,0.98236083984375,26.263080341592985,0.8422378364046136,0.6491263921528558,unet_pso,brisc2025_test_00156_gl_co_t1.jpg,glioma
0.9149094517489457,0.8431641518061271,0.9973831176757812,5.0,0.9728303877604854,0.8634980098337626,unet_pso,brisc2025_test_00998_pi_sa_t1.jpg,pituitary
0.9625255507608449,0.9277583187390543,0.9987411499023438,3.0,0.9837511606313835,0.9421965317919075,unet_pso,brisc2025_test_00514_me_sa_t1.jpg,meningioma
0.7898265495912453,0.6526556580170134,0.9814643859863281,28.0178514522438,0.763761084155931,0.8177339901477833,unet_pso,brisc2025_test_00158_gl_co_t1.jpg,glioma
0.9502899751449876,0.9052880820836622,0.998626708984375,3.0,0.9682048396173326,0.9330260303687635,unet_pso,brisc2025_test_00891_pi_co_t1.jpg,pituitary
0.9304535637149028,0.869951534733441,0.9981575012207031,9.754460800120636,0.9020100502512562,0.9607493309545049,unet_pso,brisc2025_test_00735_pi_ax_t1.jpg,pituitary
0.9408306709265176,0.8882722007722008,0.9982337951660156,7.0,0.9293107801060339,0.952639751552795,unet_pso,brisc2025_test_00436_me_co_t1.jpg,meningioma
0.9484417965169569,0.9019394203530181,0.9982833862304688,4.242640687119285,0.9944738106679482,0.9064826982041174,unet_pso,brisc2025_test_00430_me_co_t1.jpg,meningioma
0.7281272595806219,0.572484366117112,0.9942626953125,20.604607597336866,0.5824175824175825,0.9710703953712633,unet_pso,brisc2025_test_00429_me_co_t1.jpg,meningioma
0.9028737722808294,0.8229442970822282,0.9959259033203125,9.219544457292887,0.9845299484331614,0.8337252267383272,unet_pso,brisc2025_test_00006_gl_ax_t1.jpg,glioma
0.8545871922742024,0.7460953697304769,0.9929924011230469,16.0,1.0,0.7460953697304769,unet_pso,brisc2025_test_00543_me_sa_t1.jpg,meningioma
0.982372383400661,0.9653554673403103,0.99853515625,2.23606797749979,0.9863569321533924,0.9784198975859546,unet_pso,brisc2025_test_00342_me_ax_t1.jpg,meningioma
0.9110512129380054,0.8366336633663366,0.998992919921875,4.123105625617661,0.987582176771366,0.8455284552845529,unet_pso,brisc2025_test_00818_pi_ax_t1.jpg,pituitary
0.7857508096130902,0.6471083660864683,0.9952049255371094,20.136950394416246,0.9320663162151234,0.6791396582203889,unet_pso,brisc2025_test_00784_pi_ax_t1.jpg,pituitary
0.9615539182853315,0.925954592363261,0.9989051818847656,2.23606797749979,0.9563016253663735,0.966864224137931,unet_pso,brisc2025_test_00328_me_ax_t1.jpg,meningioma
0.7899712289354706,0.6528532608695652,0.9902534484863281,39.54676511565858,0.6751440213573134,0.9518621236133122,unet_pso,brisc2025_test_00160_gl_co_t1.jpg,glioma
0.903312177707259,0.8236730264942581,0.9925613403320312,18.35755975068582,0.9823142456594414,0.8360715924736117,unet_pso,brisc2025_test_00359_me_ax_t1.jpg,meningioma
0.9727212790506016,0.9468912956277578,0.9974746704101562,3.0,0.9556311229859931,0.9904338340186288,unet_pso,brisc2025_test_00401_me_co_t1.jpg,meningioma
0.7161458333333334,0.5578093306288032,0.99334716796875,22.0,0.8997955010224948,0.5947553392808868,unet_pso,brisc2025_test_00077_gl_ax_t1.jpg,glioma
0.9395373291272345,0.8859692612791275,0.9991226196289062,4.083368334205461,0.9187660668380463,0.9612694997310381,unet_pso,brisc2025_test_00363_me_ax_t1.jpg,meningioma
0.8903102014710585,0.8023054755043227,0.9960746765136719,7.9525624189766635,1.0,0.8023054755043227,unet_pso,brisc2025_test_00459_me_co_t1.jpg,meningioma
0.8019559902200489,0.6693877551020408,0.9993820190429688,3.605551275463989,0.784688995215311,0.82,unet_pso,brisc2025_test_00886_pi_co_t1.jpg,pituitary
0.9616112928214839,0.9260610079575596,0.9982986450195312,4.242640687119285,0.9672727272727273,0.9560157453362998,unet_pso,brisc2025_test_00511_me_sa_t1.jpg,meningioma
0.0,0.0,0.9920501708984375,512.0,0.0,0.0,unet_pso,brisc2025_test_00910_pi_co_t1.jpg,pituitary
0.1936468706840154,0.10720321931589537,0.9576835632324219,110.55541159880758,0.5957066189624329,0.11561496397882129,unet_pso,brisc2025_test_00135_gl_co_t1.jpg,glioma
0.8796164312556694,0.7851029377746935,0.9964561462402344,8.48528137423857,0.988351776354106,0.7924352089656783,unet_pso,brisc2025_test_00035_gl_ax_t1.jpg,glioma
0.9660791486531427,0.9343840463171438,0.99688720703125,5.0,0.9821654974220269,0.9505112474437628,unet_pso,brisc2025_test_00536_me_sa_t1.jpg,meningioma
0.9450874831763122,0.8958918091349835,0.998443603515625,5.830951894845301,0.9561546840958606,0.9342735497605109,unet_pso,brisc2025_test_00520_me_sa_t1.jpg,meningioma
0.9201021524990879,0.852027027027027,0.9991645812988281,3.605551275463989,0.9582066869300911,0.8849122807017544,unet_pso,brisc2025_test_00759_pi_ax_t1.jpg,pituitary
0.6612903225806451,0.4939759036144578,0.9951934814453125,14.606335201775948,0.984,0.4979757085020243,unet_pso,brisc2025_test_00777_pi_ax_t1.jpg,pituitary
0.828673835125448,0.7074663402692778,0.9963531494140625,12.27166012018141,0.7277305634246144,0.9621306699958385,unet_pso,brisc2025_test_00885_pi_co_t1.jpg,pituitary
0.8773111098846514,0.7814374201160161,0.9915199279785156,158.5265753637799,0.9705702772011234,0.8004028197381672,unet_pso,brisc2025_test_00301_me_ax_t1.jpg,meningioma
0.9238444883742822,0.8584674597620714,0.9969139099121094,7.238705486268993,0.9665156588536538,0.8847818247385503,unet_pso,brisc2025_test_00196_gl_sa_t1.jpg,glioma
0.8916129032258064,0.8044237485448196,0.999359130859375,3.605551275463989,0.9225634178905207,0.8626716604244694,unet_pso,brisc2025_test_00979_pi_sa_t1.jpg,pituitary
0.9047858942065491,0.8261269549218031,0.9978370666503906,9.00553851381374,0.980349344978166,0.8400374181478016,unet_pso,brisc2025_test_00234_gl_sa_t1.jpg,glioma
0.7452038369304557,0.5938843764930721,0.9902725219726562,19.79519452572796,0.6334295906234075,0.9048774569279301,unet_pso,brisc2025_test_00187_gl_sa_t1.jpg,glioma
0.946236559139785,0.8979591836734694,0.9989128112792969,2.8284271247461903,0.9306122448979591,0.9623944742900997,unet_pso,brisc2025_test_00127_gl_co_t1.jpg,glioma
0.9260673377299549,0.8623141564318035,0.9991874694824219,3.605551275463989,0.9816041206769683,0.8764783180026281,unet_pso,brisc2025_test_00181_gl_sa_t1.jpg,glioma
0.9257754800590842,0.8618081815056721,0.9969329833984375,9.01938479834809,0.953775917823854,0.8993721973094171,unet_pso,brisc2025_test_00381_me_ax_t1.jpg,meningioma
0.7855261333703036,0.6468036529680365,0.9940986633300781,13.005760721560794,0.9795988934993084,0.6556352696135154,unet_pso,brisc2025_test_00800_pi_ax_t1.jpg,pituitary
0.9059656218402427,0.8280961182994455,0.9989356994628906,3.7633307652783845,0.9985141158989599,0.8291178285009253,unet_pso,brisc2025_test_00456_me_co_t1.jpg,meningioma
0.9492457457085531,0.9033946251768034,0.9973945617675781,5.830951894845301,0.9678739202909532,0.9313210848643919,unet_pso,brisc2025_test_00270_me_ax_t1.jpg,meningioma
0.4551788202508128,0.2946482260974143,0.9910507202148438,64.1942256119596,0.9919028340080972,0.29535864978902954,unet_pso,brisc2025_test_00225_gl_sa_t1.jpg,glioma
0.9201977401129944,0.8521909744931327,0.9991378784179688,3.605551275463989,0.9969395562356542,0.8544262295081967,unet_pso,brisc2025_test_00790_pi_ax_t1.jpg,pituitary
0.8214959145191704,0.6970666666666666,0.997833251953125,8.48528137423857,0.9703043801039347,0.7122615803814714,unet_pso,brisc2025_test_00933_pi_sa_t1.jpg,pituitary
0.8747759282970551,0.7774237596722804,0.9944038391113281,11.704699910719626,0.8106312292358804,0.949944382647386,unet_pso,brisc2025_test_00243_gl_sa_t1.jpg,glioma
0.0,0.0,0.9518852233886719,512.0,0.0,0.0,unet_pso,brisc2025_test_00045_gl_ax_t1.jpg,glioma
0.842573376815891,0.7279713114754098,0.9979743957519531,8.54400374531753,0.972621492128679,0.7432008368200836,unet_pso,brisc2025_test_00704_pi_ax_t1.jpg,pituitary
0.8195402298850575,0.6942551119766309,0.9988021850585938,7.364025693426366,0.9609164420485176,0.7144288577154309,unet_pso,brisc2025_test_00955_pi_sa_t1.jpg,pituitary
0.9600132187706544,0.92310136638068,0.9990768432617188,3.605551275463989,0.9738518270197788,0.9465623981753014,unet_pso,brisc2025_test_00071_gl_ax_t1.jpg,glioma
0.9003058103975535,0.8186874304783093,0.9987564086914062,6.464140176446149,0.8392246294184721,0.9709762532981531,unet_pso,brisc2025_test_00916_pi_sa_t1.jpg,pituitary
0.9510920541337264,0.9067450178845171,0.9986076354980469,3.7041634565979917,0.9825581395348837,0.9215788106985199,unet_pso,brisc2025_test_00448_me_co_t1.jpg,meningioma
0.5834970530451866,0.4119278779472954,0.991912841796875,36.951271131668605,0.8319327731092437,0.4493192133131619,unet_pso,brisc2025_test_00880_pi_co_t1.jpg,pituitary
0.9408369408369408,0.888283378746594,0.9967155456542969,10.611161882352235,0.9844693701466781,0.9009080142123964,unet_pso,brisc2025_test_00038_gl_ax_t1.jpg,glioma
0.8461538461538461,0.7333333333333333,0.9989471435546875,7.0,0.9668789808917198,0.7522299306243806,unet_pso,brisc2025_test_00788_pi_ax_t1.jpg,pituitary
0.68125,0.5165876777251185,0.9964981079101562,21.439430134364724,0.9289772727272727,0.537828947368421,unet_pso,brisc2025_test_00500_me_sa_t1.jpg,meningioma
0.8310333443380654,0.7109127880704925,0.9902381896972656,22.090722034374522,0.9527630582891748,0.7368852459016394,unet_pso,brisc2025_test_00203_gl_sa_t1.jpg,glioma
0.7615923009623797,0.6149770399152243,0.9958419799804688,14.120815280171303,0.9656128674431503,0.6287468400144457,unet_pso,brisc2025_test_00758_pi_ax_t1.jpg,pituitary
0.74437161584497,0.5928279618701771,0.9965782165527344,12.0,0.9946686976389947,0.5947176684881603,unet_pso,brisc2025_test_00940_pi_sa_t1.jpg,pituitary
0.9115117891816921,0.8374108053007135,0.9987831115722656,3.4725691908753014,0.9052341597796143,0.917877094972067,unet_pso,brisc2025_test_00832_pi_co_t1.jpg,pituitary
0.9717238139971818,0.9450027407272062,0.9988517761230469,3.0,0.9551246537396122,0.9889101338432122,unet_pso,brisc2025_test_00349_me_ax_t1.jpg,meningioma
0.8118848653667595,0.6833385432947796,0.9961357116699219,11.0,1.0,0.6833385432947796,unet_pso,brisc2025_test_00049_gl_ax_t1.jpg,glioma
0.9704447104318202,0.9425862994097657,0.9987754821777344,2.8284271247461903,0.9746624745700019,0.9662632929959662,unet_pso,brisc2025_test_00028_gl_ax_t1.jpg,glioma
0.4376506684198992,0.2801234394725768,0.9804229736328125,43.87025848632812,0.9514054311576942,0.2841895545752099,unet_pso,brisc2025_test_00125_gl_co_t1.jpg,glioma
0.9635615413393191,0.9296852440080855,0.9981422424316406,4.04308696896617,0.9691450933172787,0.958041958041958,unet_pso,brisc2025_test_00490_me_sa_t1.jpg,meningioma
0.7400076132470499,0.5873111782477342,0.9973945617675781,35.745996203247685,0.6195028680688337,0.9187145557655955,unet_pso,brisc2025_test_00855_pi_co_t1.jpg,pituitary
0.922706371797679,0.8565040650406504,0.9986534118652344,5.796132365774708,0.9850397381954185,0.8677924217462932,unet_pso,brisc2025_test_00967_pi_sa_t1.jpg,pituitary
0.9040992854456562,0.8249828414550446,0.9990272521972656,4.551315561749631,0.9756493506493507,0.8423265592151367,unet_pso,brisc2025_test_00889_pi_co_t1.jpg,pituitary
0.7306419589675711,0.5755995828988529,0.9798164367675781,26.4045439773597,0.7667485842504541,0.6977829638273045,unet_pso,brisc2025_test_00009_gl_ax_t1.jpg,glioma
0.44065040650406506,0.28258602711157454,0.989501953125,69.76192734727374,0.36795655125594023,0.5491388044579534,unet_pso,brisc2025_test_00016_gl_ax_t1.jpg,glioma
0.9513888888888888,0.9072847682119205,0.998504638671875,6.32848376619156,0.9706477732793523,0.9328793774319066,unet_pso,brisc2025_test_00497_me_sa_t1.jpg,meningioma
0.9759822015472519,0.9530910527355323,0.9981880187988281,2.8284271247461903,0.9858018386108274,0.9663562631420847,unet_pso,brisc2025_test_00554_me_sa_t1.jpg,meningioma
0.6698493528538086,0.5035890891689264,0.988128662109375,26.771087184414828,0.6213343829954733,0.7265822784810126,unet_pso,brisc2025_test_00154_gl_co_t1.jpg,glioma
0.9221858473936037,0.8556074766355141,0.9988212585449219,4.0,0.9698093220338984,0.8790206433029285,unet_pso,brisc2025_test_00786_pi_ax_t1.jpg,pituitary
0.8960078856579596,0.8116071428571429,0.9983901977539062,9.541136703698776,0.8495327102803738,0.9478623566214807,unet_pso,brisc2025_test_00076_gl_ax_t1.jpg,glioma
0.965418302627605,0.9331484454824114,0.9982528686523438,3.0,0.9758815448023203,0.9551770506499327,unet_pso,brisc2025_test_00447_me_co_t1.jpg,meningioma
0.9664214902462424,0.9350247524752475,0.9987983703613281,2.8284271247461903,0.9744196044711951,0.9585536054134066,unet_pso,brisc2025_test_00373_me_ax_t1.jpg,meningioma
0.8691099476439791,0.7685185185185185,0.9988555908203125,7.810249675906654,0.8320802005012531,0.9095890410958904,unet_pso,brisc2025_test_00926_pi_sa_t1.jpg,pituitary
