dice,iou,accuracy,hd95,sensitivity,precision,method,image,tumour_type,seconds
0.9497288582734867,0.9042701646664806,0.9986915588378906,4.188849909443548,0.9286328460877042,0.9718056388722256,proposed,brisc2025_test_00089_gl_co_t1.jpg,glioma,0.07699918746948242
0.9815985790408526,0.9638621459467002,0.9990119934082031,2.0,0.9711795304372276,0.9922436081585752,proposed,brisc2025_test_00718_pi_ax_t1.jpg,pituitary,0.06342124938964844
0.8500727802037845,0.739240506329114,0.9988212585449219,5.385164807134504,0.9279661016949152,0.7842435094001791,proposed,brisc2025_test_00805_pi_ax_t1.jpg,pituitary,0.06093096733093262
0.9775156653151493,0.9560201874549387,0.9983711242675781,3.0,0.9708189519924694,0.9843054082714741,proposed,brisc2025_test_00468_me_co_t1.jpg,meningioma,0.06217169761657715
0.9118733509234829,0.8380213385063046,0.9987258911132812,5.385164807134504,0.8820826952526799,0.9437465865647188,proposed,brisc2025_test_00874_pi_co_t1.jpg,pituitary,0.06385397911071777
0.8622668579626973,0.7578814627994955,0.999267578125,4.116950344336776,0.7970822281167109,0.9390625,proposed,brisc2025_test_00820_pi_ax_t1.jpg,pituitary,0.062007904052734375
0.9642493434099801,0.9309666735665494,0.9974555969238281,5.227784895686539,0.9417862003978641,0.9878102350098836,proposed,brisc2025_test_00275_me_ax_t1.jpg,meningioma,0.06403279304504395
0.8623617185490096,0.7580280416101312,0.9979591369628906,6.479394161199479,0.7887058823529411,0.9511918274687855,proposed,brisc2025_test_00892_pi_co_t1.jpg,pituitary,0.06212306022644043
0.5688768887273482,0.3975038095929178,0.9683265686035156,41.276479604118066,0.8666350261034647,0.42340392641830266,proposed,brisc2025_test_00243_gl_sa_t1.jpg,glioma,0.06128096580505371
0.8936355710549259,0.8077226162332545,0.9990692138671875,5.0643626838353075,0.9743346007604563,0.8252818035426731,proposed,brisc2025_test_00766_pi_ax_t1.jpg,pituitary,0.06286883354187012
0.9393975473270627,0.885720700493938,0.9980583190917969,7.0,0.9075224292615597,0.9735932872655478,proposed,brisc2025_test_00333_me_ax_t1.jpg,meningioma,0.060537099838256836
0.8883263009845288,0.7990890688259109,0.9893989562988281,11.0,0.885515141804198,0.8911553656373458,proposed,brisc2025_test_00046_gl_ax_t1.jpg,glioma,0.06283116340637207
0.9375,0.8823529411764706,0.9996566772460938,2.0,0.9012016021361816,0.9768451519536903,proposed,brisc2025_test_00979_pi_sa_t1.jpg,pituitary,0.05890011787414551
0.9299787814489239,0.8691218130311614,0.9991188049316406,3.1217082451262845,0.9082297217288336,0.9527950310559006,proposed,brisc2025_test_00369_me_ax_t1.jpg,meningioma,0.06147623062133789
0.9648876404494382,0.932157394843962,0.9996185302734375,2.0,0.9744680851063829,0.9554937413073713,proposed,brisc2025_test_00958_pi_sa_t1.jpg,pituitary,0.06165575981140137
0.9423361261705273,0.8909599254426841,0.9995536804199219,2.23606797749979,0.9070208728652751,0.9805128205128205,proposed,brisc2025_test_00213_gl_sa_t1.jpg,glioma,0.06162524223327637
0.926605504587156,0.8632478632478633,0.99945068359375,3.0,0.9588607594936709,0.8964497041420119,proposed,brisc2025_test_00806_pi_ax_t1.jpg,pituitary,0.06335306167602539
0.6560207164436772,0.4881181759794477,0.9726371765136719,41.3920117473293,0.9610791063650415,0.4979615608619686,proposed,brisc2025_test_00160_gl_co_t1.jpg,glioma,0.0637969970703125
0.864624247185127,0.7615313653136532,0.9980278015136719,8.071455423445379,0.942351598173516,0.7987421383647799,proposed,brisc2025_test_00701_pi_ax_t1.jpg,pituitary,0.061788082122802734
0.9523560209424083,0.9090454772613693,0.9993057250976562,2.23606797749979,0.9573684210526315,0.9473958333333333,proposed,brisc2025_test_00362_me_ax_t1.jpg,meningioma,0.06210517883300781
0.8914158547507259,0.8041030160595378,0.9847373962402344,33.43902050278776,0.8157254259176476,0.9825894459734354,proposed,brisc2025_test_00493_me_sa_t1.jpg,meningioma,0.06373786926269531
0.9654838709677419,0.9332709697536639,0.9991836547851562,2.8284271247461903,0.9651725249919381,0.9657954178767344,proposed,brisc2025_test_00284_me_ax_t1.jpg,meningioma,0.06251811981201172
0.9012987012987013,0.8203309692671394,0.998260498046875,7.211102550927978,0.961218836565097,0.8484107579462102,proposed,brisc2025_test_00437_me_co_t1.jpg,meningioma,0.06042003631591797
0.9692964196502915,0.9404220943148541,0.9977493286132812,3.605551275463989,0.9593119077049855,0.9794909549852756,proposed,brisc2025_test_00323_me_ax_t1.jpg,meningioma,0.0597996711730957
0.8886792452830189,0.799660441426146,0.9990997314453125,4.116950344336776,0.8410714285714286,0.942,proposed,brisc2025_test_00867_pi_co_t1.jpg,pituitary,0.061913251876831055
0.9502925000875749,0.9052926650203564,0.9945869445800781,7.810249675906654,0.9886297376093295,0.9148175625547986,proposed,brisc2025_test_00295_me_ax_t1.jpg,meningioma,0.06338310241699219
0.9831991989021993,0.9669536037350452,0.9982719421386719,2.23606797749979,0.9840386043058649,0.9823612243385459,proposed,brisc2025_test_00356_me_ax_t1.jpg,meningioma,0.06294393539428711
0.9337620578778135,0.8757539203860072,0.9996070861816406,3.9605551275463897,0.9654255319148937,0.9041095890410958,proposed,brisc2025_test_00957_pi_sa_t1.jpg,pituitary,0.059746742248535156
0.9108642644269845,0.836318407960199,0.9987449645996094,6.082762530298219,0.9481105470953187,0.8764337851929093,proposed,brisc2025_test_00739_pi_ax_t1.jpg,pituitary,0.06335210800170898
0.8648449622596849,0.7618738705342663,0.9803962707519531,24.716383127919,0.9449425287356322,0.7972651893516947,proposed,brisc2025_test_00155_gl_co_t1.jpg,glioma,0.06229996681213379
0.9192795196797865,0.8506172839506173,0.9990768432617188,5.54817847254922,0.9849892780557541,0.8617886178861789,proposed,brisc2025_test_00733_pi_ax_t1.jpg,pituitary,0.061779022216796875
0.9473309608540925,0.8999323867478025,0.9971771240234375,9.219544457292887,0.9849045434364363,0.9125188536953243,proposed,brisc2025_test_00546_me_sa_t1.jpg,meningioma,0.05897188186645508
0.9385581129922008,0.8842293906810036,0.9987678527832031,4.152989390993067,0.9086556169429097,0.9704956726986624,proposed,brisc2025_test_00934_pi_sa_t1.jpg,pituitary,0.06202292442321777
0.8568838755161647,0.7496035242290748,0.9891586303710938,28.23098728841827,0.9172056921086675,0.804006804006804,proposed,brisc2025_test_00462_me_co_t1.jpg,meningioma,0.06125688552856445
0.8475734791524265,0.7354685646500593,0.9974479675292969,11.313708498984761,0.7591836734693878,0.9592573491490459,proposed,brisc2025_test_00126_gl_co_t1.jpg,glioma,0.0625002384185791
0.9380335124881441,0.8832986007740399,0.998504638671875,5.0990195135927845,0.9026467903863705,0.9763079960513327,proposed,brisc2025_test_00167_gl_sa_t1.jpg,glioma,0.06325125694274902
0.6780669144981413,0.5129358830146231,0.9983482360839844,7.810249675906654,0.7487684729064039,0.6195652173913043,proposed,brisc2025_test_00929_pi_sa_t1.jpg,pituitary,0.060630083084106445
0.7389073347419257,0.5859262805169938,0.9967002868652344,13.436830049631599,0.8901818181818182,0.631578947368421,proposed,brisc2025_test_00228_gl_sa_t1.jpg,glioma,0.06348371505737305
0.9444444444444444,0.8947368421052632,0.9991226196289062,2.23606797749979,0.9135514018691588,0.9775,proposed,brisc2025_test_00076_gl_ax_t1.jpg,glioma,0.06247210502624512
0.23920575003878172,0.13585105133325504,0.9438743591308594,70.02875158817274,0.8669415292353823,0.13874392657908943,proposed,brisc2025_test_00034_gl_ax_t1.jpg,glioma,0.06228804588317871
0.9267715819157646,0.8635361925750127,0.9969291687011719,7.0,0.947897283215482,0.9065670048051254,proposed,brisc2025_test_00495_me_sa_t1.jpg,meningioma,0.06307673454284668
0.9481012191977605,0.9013236221023881,0.9946250915527344,7.0710678118654755,0.9503766061143111,0.9458367016976557,proposed,brisc2025_test_00255_me_ax_t1.jpg,meningioma,0.08584928512573242
0.9686677631578947,0.9392392951120325,0.9970932006835938,4.242640687119285,0.9605316806654163,0.9769428547731608,proposed,brisc2025_test_00338_me_ax_t1.jpg,meningioma,0.05987977981567383
0.9382247236726113,0.8836377570570955,0.9965248107910156,11.704699910719626,0.9786391285896167,0.9010158895545715,proposed,brisc2025_test_00185_gl_sa_t1.jpg,glioma,0.06295919418334961
0.9338499861610849,0.8759086188992731,0.9972648620605469,12.206555615733702,0.978538283062645,0.8930651138168343,proposed,brisc2025_test_00534_me_sa_t1.jpg,meningioma,0.0633549690246582
0.8906098741529526,0.8027923211169284,0.9974136352539062,12.27166012018141,0.9343263371699391,0.8508014796547472,proposed,brisc2025_test_00709_pi_ax_t1.jpg,pituitary,0.062103986740112305
0.17366224840451644,0.0950876957193737,0.8972625732421875,86.88455299487448,0.6593662628145387,0.1,proposed,brisc2025_test_00217_gl_sa_t1.jpg,glioma,0.05885004997253418
0.9384751251103916,0.8840820854132002,0.9992027282714844,3.0,0.9235225955967555,0.9539198084979055,proposed,brisc2025_test_00808_pi_ax_t1.jpg,pituitary,0.06287169456481934
0.968189750912264,0.9383408933651111,0.9969406127929688,3.1622776601683795,0.948403139327065,0.988819573847525,proposed,brisc2025_test_00274_me_ax_t1.jpg,meningioma,0.06190896034240723
0.8802117802779617,0.7860520094562647,0.9993095397949219,3.605551275463989,0.8302122347066168,0.9366197183098591,proposed,brisc2025_test_00903_pi_co_t1.jpg,pituitary,0.06066608428955078
0.7948060823509312,0.6594839807201588,0.9954185485839844,17.4928556845359,0.6666666666666666,0.9839255499153976,otsu,brisc2025_test_00089_gl_co_t1.jpg,glioma,0.005023956298828125
0.9666763257026949,0.9355019629837352,0.9982452392578125,3.0,0.9380008435259384,0.9971603646689583,otsu,brisc2025_test_00718_pi_ax_t1.jpg,pituitary,0.00534510612487793
0.8001707941929974,0.6669039145907474,0.9982147216796875,9.219544457292887,0.9925847457627118,0.6702432045779685,otsu,brisc2025_test_00805_pi_ax_t1.jpg,pituitary,0.005116939544677734
0.9786082063803812,0.958112462322004,0.9984626770019531,2.23606797749979,0.9641250915176237,0.9935330890278077,otsu,brisc2025_test_00468_me_co_t1.jpg,meningioma,0.005374908447265625
0.9032901296111665,0.8236363636363636,0.9985198974609375,9.736565105017384,0.9249617151607963,0.8826108134437408,otsu,brisc2025_test_00874_pi_co_t1.jpg,pituitary,0.005702972412109375
0.8247787610619469,0.7018072289156626,0.9988670349121094,8.94427190999916,0.9270557029177718,0.742826780021254,otsu,brisc2025_test_00820_pi_ax_t1.jpg,pituitary,0.00511622428894043
0.9640699179974105,0.9306322258098115,0.9974594116210938,5.0,0.9355041356925976,0.9944351697273233,otsu,brisc2025_test_00275_me_ax_t1.jpg,meningioma,0.006075859069824219
0.737101950135769,0.5836591086786552,0.9959373474121094,12.206555615733702,0.7025882352941176,0.7751817237798546,otsu,brisc2025_test_00892_pi_co_t1.jpg,pituitary,0.005888700485229492
0.38582261787009564,0.23902120184648065,0.9289398193359375,61.074498872001975,0.9256446764752413,0.2437002790620184,otsu,brisc2025_test_00243_gl_sa_t1.jpg,glioma,0.004640102386474609
0.7923497267759563,0.6561085972850679,0.9979705810546875,14.34886795744953,0.964828897338403,0.6721854304635762,otsu,brisc2025_test_00766_pi_ax_t1.jpg,pituitary,0.005307197570800781
0.901713469776297,0.8210184182015168,0.9968490600585938,8.54400374531753,0.8716356107660456,0.9339413359625339,otsu,brisc2025_test_00333_me_ax_t1.jpg,meningioma,0.00475311279296875
0.6267917010835237,0.45644328073030926,0.9706993103027344,44.70793810720094,0.5167441115205896,0.7963946166193357,otsu,brisc2025_test_00046_gl_ax_t1.jpg,glioma,0.005019187927246094
0.8944444444444445,0.8090452261306532,0.999420166015625,3.6449961479175768,0.8598130841121495,0.9319826338639653,otsu,brisc2025_test_00979_pi_sa_t1.jpg,pituitary,0.005316972732543945
0.9045077105575327,0.8256632376827288,0.9987716674804688,5.0,0.9029011249259917,0.9061200237670826,otsu,brisc2025_test_00369_me_ax_t1.jpg,meningioma,0.004881143569946289
0.28384615384615386,0.1653966831017481,0.9928970336914062,15.58200925238775,0.26170212765957446,0.3100840336134454,otsu,brisc2025_test_00958_pi_sa_t1.jpg,pituitary,0.005477190017700195
0.8963445167751627,0.8121597096188747,0.9992103576660156,3.1622776601683795,0.849146110056926,0.9490986214209968,otsu,brisc2025_test_00213_gl_sa_t1.jpg,glioma,0.004745960235595703
0.8637218045112782,0.760132340777502,0.9988937377929688,6.4031242374328485,0.9694092827004219,0.7788135593220339,otsu,brisc2025_test_00806_pi_ax_t1.jpg,pituitary,0.005873918533325195
0.47462487495831945,0.3111528876841691,0.9398956298828125,49.00357105677998,1.0,0.3111528876841691,otsu,brisc2025_test_00160_gl_co_t1.jpg,glioma,0.005525827407836914
0.6766673423879992,0.5113357843137255,0.9939155578613281,16.278820596099706,0.9526255707762558,0.5246777742848161,otsu,brisc2025_test_00701_pi_ax_t1.jpg,pituitary,0.004816770553588867
0.9307508622976917,0.8704714640198511,0.9990043640136719,3.561223913934418,0.9231578947368421,0.9384697699304441,otsu,brisc2025_test_00362_me_ax_t1.jpg,meningioma,0.005514860153198242
0.8446153496097749,0.7310252471542794,0.9739494323730469,34.660472029340134,0.9218695673769434,0.7793080282163252,otsu,brisc2025_test_00493_me_sa_t1.jpg,meningioma,0.005558013916015625
0.9647020725388601,0.9318110728808258,0.9991683959960938,2.23606797749979,0.9606578523057079,0.968780487804878,otsu,brisc2025_test_00284_me_ax_t1.jpg,meningioma,0.0052928924560546875
0.7843822843822844,0.6452540747842761,0.9957656860351562,18.384776310850235,0.9321329639889196,0.6770623742454729,otsu,brisc2025_test_00437_me_co_t1.jpg,meningioma,0.004948854446411133
0.9672999065711616,0.9366706875753921,0.9975967407226562,3.605551275463989,0.9598269468479604,0.9748901443816698,otsu,brisc2025_test_00323_me_ax_t1.jpg,meningioma,0.004596233367919922
0.8480131093814011,0.7361308677098151,0.9985847473144531,5.656854249492381,0.9241071428571429,0.7834973504920515,otsu,brisc2025_test_00867_pi_co_t1.jpg,pituitary,0.00527501106262207
0.9027586975086326,0.8227531131564699,0.9900093078613281,19.0,0.8860787172011662,0.9200787103610081,otsu,brisc2025_test_00295_me_ax_t1.jpg,meningioma,0.005526065826416016
0.9816578878553551,0.9639765223771093,0.9981269836425781,2.23606797749979,0.975426874536006,0.9879690202270848,otsu,brisc2025_test_00356_me_ax_t1.jpg,meningioma,0.005732059478759766
0.839390386869871,0.7232323232323232,0.9989547729492188,8.0,0.9521276595744681,0.750524109014675,otsu,brisc2025_test_00957_pi_sa_t1.jpg,pituitary,0.005792856216430664
0.7449649241909935,0.5935809592499098,0.9957008361816406,15.0,0.928369994359842,0.6220710506424793,otsu,brisc2025_test_00739_pi_ax_t1.jpg,pituitary,0.005501985549926758
0.7492768034713433,0.5990748436991796,0.9576797485351562,48.295941780889336,0.9527011494252874,0.6174389153754469,otsu,brisc2025_test_00155_gl_co_t1.jpg,glioma,0.005085945129394531
0.8172817281728173,0.6910197869101978,0.9976768493652344,14.866068747318506,0.9735525375268048,0.704239917269907,otsu,brisc2025_test_00733_pi_ax_t1.jpg,pituitary,0.00480198860168457
0.9702999925188898,0.9423132810229584,0.9984855651855469,3.1622776601683795,0.9597454491638301,0.981089258698941,otsu,brisc2025_test_00546_me_sa_t1.jpg,meningioma,0.005553245544433594
0.8991343620624764,0.8167521367521368,0.997955322265625,9.484190388082707,0.879926335174954,0.9191996921893035,otsu,brisc2025_test_00934_pi_sa_t1.jpg,pituitary,0.0062351226806640625
0.7885720095572162,0.6509441879983214,0.9841346740722656,28.284271247461902,0.8361362656317378,0.7461279461279461,otsu,brisc2025_test_00462_me_co_t1.jpg,meningioma,0.006048917770385742
0.7973919343153828,0.6630522088353413,0.9967994689941406,13.038404810405298,0.6738775510204081,0.9763453577764636,otsu,brisc2025_test_00126_gl_co_t1.jpg,glioma,0.004856109619140625
0.9055915048946408,0.8274711946634323,0.9978294372558594,8.0,0.8302403407362337,0.995985401459854,otsu,brisc2025_test_00167_gl_sa_t1.jpg,glioma,0.005544185638427734
0.8650137741046832,0.7621359223300971,0.9994392395019531,4.604101966249685,0.7733990147783252,0.98125,otsu,brisc2025_test_00929_pi_sa_t1.jpg,pituitary,0.006392002105712891
0.7251838235294118,0.5688536409516943,0.9977188110351562,27.37382159927925,0.5738181818181818,0.9850187265917603,otsu,brisc2025_test_00228_gl_sa_t1.jpg,glioma,0.0058362483978271484
0.8903292714544984,0.8023364485981308,0.9983863830566406,4.0,0.8023364485981308,1.0,otsu,brisc2025_test_00076_gl_ax_t1.jpg,glioma,0.004868030548095703
0.1358832666989228,0.07289418321903773,0.8705558776855469,100.3232272249997,1.0,0.07289418321903773,otsu,brisc2025_test_00034_gl_ax_t1.jpg,glioma,0.005143880844116211
0.878413189077795,0.7831878732200276,0.994598388671875,16.24795957619918,0.9518049869743208,0.8155293367346939,otsu,brisc2025_test_00495_me_sa_t1.jpg,meningioma,0.005289793014526367
0.6432184672382264,0.47407666725013126,0.9426918029785156,49.88278863841097,1.0,0.47407666725013126,otsu,brisc2025_test_00255_me_ax_t1.jpg,meningioma,0.005447864532470703
0.8774554910982196,0.7816665478651365,0.9883155822753906,38.59024713958224,0.894234689717035,0.8612943763744895,otsu,brisc2025_test_00338_me_ax_t1.jpg,meningioma,0.0048160552978515625
0.6363811728395061,0.46668552836327626,0.9856185913085938,34.05656923042966,0.46668552836327626,1.0,otsu,brisc2025_test_00185_gl_sa_t1.jpg,glioma,0.0052051544189453125
0.42148634213337405,0.26701469450889403,0.9855384826660156,23.734974441846905,0.26701469450889403,1.0,otsu,brisc2025_test_00534_me_sa_t1.jpg,meningioma,0.005855083465576172
0.843013403173625,0.7286284953395473,0.9961128234863281,22.192315183494514,0.926201760324983,0.7735368956743003,otsu,brisc2025_test_00709_pi_ax_t1.jpg,pituitary,0.005025148391723633
0.016908941897079758,0.008526558489581067,0.9130592346191406,75.65282100267017,0.045666356011183594,0.010375310994653539,otsu,brisc2025_test_00217_gl_sa_t1.jpg,glioma,0.005808115005493164
0.913287955016277,0.8404139433551199,0.9988822937011719,6.08113883008419,0.8939745075318656,0.9334543254688445,otsu,brisc2025_test_00808_pi_ax_t1.jpg,pituitary,0.004767894744873047
0.9364567840026442,0.8805065651464533,0.9941329956054688,5.830951894845301,0.8806434066361023,0.999823555359506,otsu,brisc2025_test_00274_me_ax_t1.jpg,meningioma,0.004826068878173828
0.5302946081156198,0.3608169440242057,0.9967765808105469,9.273153625983817,0.5955056179775281,0.4779559118236473,otsu,brisc2025_test_00903_pi_co_t1.jpg,pituitary,0.005640983581542969
0.6350564251911176,0.46526203493799173,0.9847030639648438,24.95184540902452,1.0,0.46526203493799173,kmeans,brisc2025_test_00089_gl_co_t1.jpg,glioma,0.06892991065979004
0.9315315315315316,0.8718381112984823,0.99652099609375,7.01421356237309,0.8722058203289751,0.9995166747220879,kmeans,brisc2025_test_00718_pi_ax_t1.jpg,pituitary,0.04970908164978027
0.8601190476190477,0.7545691906005222,0.9989242553710938,7.221453651680858,0.9184322033898306,0.808768656716418,kmeans,brisc2025_test_00805_pi_ax_t1.jpg,pituitary,0.02761983871459961
0.6419794534344995,0.4727317676143387,0.959320068359375,45.35965667218386,1.0,0.4727317676143387,kmeans,brisc2025_test_00468_me_co_t1.jpg,meningioma,0.02741384506225586
0.9060315816722755,0.8282063416942735,0.9986152648925781,8.48528137423857,0.8933129147524247,0.9191176470588235,kmeans,brisc2025_test_00874_pi_co_t1.jpg,pituitary,0.016934871673583984
0.6447199657973492,0.4757097791798107,0.9968299865722656,10.0,1.0,0.4757097791798107,kmeans,brisc2025_test_00820_pi_ax_t1.jpg,pituitary,0.022289276123046875
0.9435171880181276,0.8930738648252773,0.9961013793945312,7.644944591370316,0.8937284054025757,0.9991806157087674,kmeans,brisc2025_test_00275_me_ax_t1.jpg,meningioma,0.024514198303222656
0.6309877766765775,0.4609073359073359,0.9914779663085938,18.01526600752597,0.8988235294117647,0.4861287859506236,kmeans,brisc2025_test_00892_pi_co_t1.jpg,pituitary,0.0239260196685791
0.39054680259499536,0.24265806748819532,0.92474365234375,67.275453206477,1.0,0.24265806748819532,kmeans,brisc2025_test_00243_gl_sa_t1.jpg,glioma,0.022891998291015625
0.8035859820700897,0.6716621253405994,0.9981613159179688,14.142135623730951,0.9372623574144486,0.703281027104137,kmeans,brisc2025_test_00766_pi_ax_t1.jpg,pituitary,0.029856204986572266
0.6896447922937989,0.5263036985986675,0.9921340942382812,21.587033144922902,0.5270301357257879,0.9973878972572922,kmeans,brisc2025_test_00333_me_ax_t1.jpg,meningioma,0.02627110481262207
0.6878864730858005,0.5242583503453069,0.9582176208496094,39.49171001657642,0.966992469155584,0.5338109769581177,kmeans,brisc2025_test_00046_gl_ax_t1.jpg,glioma,0.03240799903869629
0.8633308439133682,0.759526938239159,0.9993019104003906,3.605551275463989,0.7716955941255007,0.9796610169491525,kmeans,brisc2025_test_00979_pi_sa_t1.jpg,pituitary,0.025098085403442383
0.8799255352156377,0.785595567867036,0.9985237121582031,5.957737973711325,0.8395500296033156,0.924380704041721,kmeans,brisc2025_test_00369_me_ax_t1.jpg,meningioma,0.02559518814086914
0.29199372056514916,0.17095588235294118,0.9913978576660156,13.483193339406046,0.32978723404255317,0.2619718309859155,kmeans,brisc2025_test_00958_pi_sa_t1.jpg,pituitary,0.02144622802734375
0.643860720830788,0.47477477477477475,0.9955520629882812,13.52015495482149,1.0,0.47477477477477475,kmeans,brisc2025_test_00213_gl_sa_t1.jpg,glioma,0.027257680892944336
0.8806584362139918,0.7867647058823529,0.999114990234375,6.0,0.9029535864978903,0.8594377510040161,kmeans,brisc2025_test_00806_pi_ax_t1.jpg,pituitary,0.024275779724121094
0.4039389295646745,0.25308488318338607,0.9198760986328125,67.0,1.0,0.25308488318338607,kmeans,brisc2025_test_00160_gl_co_t1.jpg,glioma,0.03169083595275879
0.721937321937322,0.5648684797146678,0.99627685546875,14.560219778561036,0.7231735159817352,0.7207053469852105,kmeans,brisc2025_test_00701_pi_ax_t1.jpg,pituitary,0.024583101272583008
0.8585949177877429,0.752226296490309,0.9981956481933594,6.0,0.7557894736842106,0.9937716262975779,kmeans,brisc2025_test_00362_me_ax_t1.jpg,meningioma,0.029819011688232422
0.8353514082653329,0.7172561871397898,0.9713668823242188,42.11169644454757,0.9457606914021756,0.7480259281084266,kmeans,brisc2025_test_00493_me_sa_t1.jpg,meningioma,0.019884109497070312
0.9492887029288702,0.9034724434533291,0.9988441467285156,3.105480479109443,0.9145436955820703,0.9867780097425192,kmeans,brisc2025_test_00284_me_ax_t1.jpg,meningioma,0.02120494842529297
0.8403284671532847,0.7246262785208497,0.9973297119140625,7.615773105863909,0.850415512465374,0.830477908025248,kmeans,brisc2025_test_00437_me_co_t1.jpg,meningioma,0.02451801300048828
0.9585987261146497,0.9204892966360856,0.9970245361328125,4.123105625617661,0.9301606922126081,0.9888304862023654,kmeans,brisc2025_test_00323_me_ax_t1.jpg,meningioma,0.030173301696777344
0.7876484560570072,0.6496865203761756,0.9982948303222656,6.4031242374328485,0.7401785714285715,0.8416243654822335,kmeans,brisc2025_test_00867_pi_co_t1.jpg,pituitary,0.024927139282226562
0.8552445810148659,0.7470980847359258,0.9867019653320312,31.661590309122765,0.7505830903790087,0.9938235861802741,kmeans,brisc2025_test_00295_me_ax_t1.jpg,meningioma,0.02160787582397461
0.711437399318668,0.5521170635733902,0.9583168029785156,39.84584590805556,1.0,0.5521170635733902,kmeans,brisc2025_test_00356_me_ax_t1.jpg,meningioma,0.04105806350708008
0.8008213552361396,0.6678082191780822,0.9988899230957031,8.0,0.7779255319148937,0.8251057827926658,kmeans,brisc2025_test_00957_pi_sa_t1.jpg,pituitary,0.022693157196044922
0.5353997886579782,0.3655603655603656,0.9949684143066406,14.159769318686187,0.42865200225606315,0.7129455909943715,kmeans,brisc2025_test_00739_pi_ax_t1.jpg,pituitary,0.02811908721923828
0.630628998060997,0.4605245745441071,0.9222450256347656,61.85466837676846,1.0,0.4605245745441071,kmeans,brisc2025_test_00155_gl_co_t1.jpg,glioma,0.03454995155334473
0.9486699138254028,0.902352102637206,0.9994773864746094,2.0590169943749475,0.9049320943531094,0.9968503937007874,kmeans,brisc2025_test_00733_pi_ax_t1.jpg,pituitary,0.01990795135498047
0.954573357888275,0.9130945390487375,0.99774169921875,5.385164807134504,0.9205268610330029,0.9912350597609562,kmeans,brisc2025_test_00546_me_sa_t1.jpg,meningioma,0.047914981842041016
0.8678782928323463,0.7665945165945166,0.9975318908691406,10.965549442140356,0.7826887661141805,0.9738771769019249,kmeans,brisc2025_test_00934_pi_sa_t1.jpg,pituitary,0.027358055114746094
0.7036545314792817,0.5427986200948685,0.9838218688964844,37.0,0.5427986200948685,1.0,kmeans,brisc2025_test_00462_me_co_t1.jpg,meningioma,0.023045778274536133
0.6955596915713906,0.5332246229107216,0.9956321716308594,16.55294535724685,0.5338775510204081,0.9977116704805492,kmeans,brisc2025_test_00126_gl_co_t1.jpg,glioma,0.03430294990539551
0.6646353849278895,0.49771828414968056,0.9937019348144531,16.446820984663685,0.49771828414968056,1.0,kmeans,brisc2025_test_00167_gl_sa_t1.jpg,glioma,0.030222177505493164
0.7888730385164051,0.6513545347467609,0.998870849609375,12.047791102882504,0.9080459770114943,0.6973518284993695,kmeans,brisc2025_test_00929_pi_sa_t1.jpg,pituitary,0.024493932723999023
0.4468638284042899,0.28771709562670017,0.9870147705078125,28.0,1.0,0.28771709562670017,kmeans,brisc2025_test_00228_gl_sa_t1.jpg,glioma,0.026362180709838867
0.7250521298778672,0.5686915887850468,0.9964790344238281,18.508316817765344,0.5686915887850468,1.0,kmeans,brisc2025_test_00076_gl_ax_t1.jpg,glioma,0.036513566970825195
0.13467945482079757,0.07220177527603377,0.8692169189453125,100.31948963187563,1.0,0.07220177527603377,kmeans,brisc2025_test_00034_gl_ax_t1.jpg,glioma,0.03301692008972168
0.9233223651410908,0.8575662159659196,0.9970664978027344,5.0,0.8615556382582806,0.9946294307196563,kmeans,brisc2025_test_00495_me_sa_t1.jpg,meningioma,0.02433609962463379
0.6432184672382264,0.47407666725013126,0.9426918029785156,49.88278863841097,1.0,0.47407666725013126,kmeans,brisc2025_test_00255_me_ax_t1.jpg,meningioma,0.03646421432495117
0.7156097816410955,0.5571591650358774,0.9792823791503906,38.93132791174003,0.5572045992008481,0.9998536728124086,kmeans,brisc2025_test_00338_me_ax_t1.jpg,meningioma,0.03378796577453613
0.6956846030900373,0.5333714565803448,0.97821044921875,29.92479050115866,0.9236101287310794,0.5579864968806085,kmeans,brisc2025_test_00185_gl_sa_t1.jpg,glioma,0.026433944702148438
0.6291588102913448,0.4589582039222646,0.9767417907714844,33.301651610693426,1.0,0.4589582039222646,kmeans,brisc2025_test_00534_me_sa_t1.jpg,meningioma,0.02766728401184082
0.8748256624825662,0.7775023241400681,0.9972610473632812,14.317821063276353,0.8493568043331077,0.9018691588785047,kmeans,brisc2025_test_00709_pi_ax_t1.jpg,pituitary,0.019491910934448242
0.14751729121503046,0.07963220952911675,0.8109893798828125,117.46283867339035,0.9988350419384903,0.07963960616756456,kmeans,brisc2025_test_00217_gl_sa_t1.jpg,glioma,0.03598737716674805
0.8942154042825183,0.8086705202312139,0.9987373352050781,4.0,0.8105446118192352,0.9971489665003563,kmeans,brisc2025_test_00808_pi_ax_t1.jpg,pituitary,0.0221860408782959
0.9014938113529662,0.8206542854922683,0.9911956787109375,16.15549442140351,0.8206542854922683,1.0,kmeans,brisc2025_test_00274_me_ax_t1.jpg,meningioma,0.026615142822265625
0.5809217577706324,0.4093655589123867,0.9970169067382812,9.412537464580227,0.6766541822721598,0.5089201877934272,kmeans,brisc2025_test_00903_pi_co_t1.jpg,pituitary,0.018465042114257812
0.9166289763304689,0.8460896187030337,0.9978904724121094,7.905124837953327,0.8713098308971052,0.9669211195928753,region_growing,brisc2025_test_00089_gl_co_t1.jpg,glioma,0.0050771236419677734
0.9222146481860183,0.8556570625439213,0.9960823059082031,6.0,0.855897652186138,0.999671592775041,region_growing,brisc2025_test_00718_pi_ax_t1.jpg,pituitary,0.00594782829284668
0.8602261048304214,0.7547339945897205,0.99896240234375,6.708203932499369,0.8866525423728814,0.8353293413173652,region_growing,brisc2025_test_00805_pi_ax_t1.jpg,pituitary,0.005242109298706055
0.9484602568925673,0.9019728099764899,0.9963417053222656,10.627256967498148,0.9229160129693547,0.9754587663055494,region_growing,brisc2025_test_00468_me_co_t1.jpg,meningioma,0.0049359798431396484
0.8064516129032258,0.6756756756756757,0.997528076171875,7.635220762868177,0.6891271056661562,0.9719222462203023,region_growing,brisc2025_test_00874_pi_co_t1.jpg,pituitary,0.0059359073638916016
0.2586605080831409,0.14854111405835543,0.9975509643554688,12.0,0.14854111405835543,1.0,region_growing,brisc2025_test_00820_pi_ax_t1.jpg,pituitary,0.005175113677978516
0.9379961143491535,0.8832322809951914,0.9957389831542969,8.0,0.8846194115799393,0.9982277882797732,region_growing,brisc2025_test_00275_me_ax_t1.jpg,meningioma,0.00581812858581543
0.7147147147147147,0.5560747663551402,0.9956512451171875,13.382773154606154,0.672,0.7632282202031,region_growing,brisc2025_test_00892_pi_co_t1.jpg,pituitary,0.0055921077728271484
0.24813186027387465,0.14163843422180497,0.9197807312011719,54.56326570246545,0.5489637715551337,0.16029194382852918,region_growing,brisc2025_test_00243_gl_sa_t1.jpg,glioma,0.004739999771118164
0.7998061076102763,0.6663974151857835,0.9984245300292969,10.032419153728577,0.7842205323193916,0.8160237388724035,region_growing,brisc2025_test_00766_pi_ax_t1.jpg,pituitary,0.0053920745849609375
0.9013871374527113,0.8204775022956842,0.9970169067382812,7.0,0.8221762134805614,0.997488138431482,region_growing,brisc2025_test_00333_me_ax_t1.jpg,meningioma,0.004767894744873047
0.6618425525715118,0.494592436669812,0.9734382629394531,42.4240285095726,0.5459061047908988,0.8403009002343076,region_growing,brisc2025_test_00046_gl_ax_t1.jpg,glioma,0.0051267147064208984
0.6504504504504505,0.4819759679572764,0.9985198974609375,6.8832815729997465,0.4819759679572764,1.0,region_growing,brisc2025_test_00979_pi_sa_t1.jpg,pituitary,0.005361080169677734
0.7688442211055276,0.6244897959183674,0.9975433349609375,10.295630140987,0.6341030195381883,0.9762989972652689,region_growing,brisc2025_test_00369_me_ax_t1.jpg,meningioma,0.004820823669433594
0.2950423216444982,0.17304964539007092,0.9955520629882812,17.592330848745014,0.17304964539007092,1.0,region_growing,brisc2025_test_00958_pi_sa_t1.jpg,pituitary,0.0055141448974609375
0.5590293980401306,0.38795336787564766,0.9963951110839844,9.899494936611665,0.5683111954459203,0.5500459136822773,region_growing,brisc2025_test_00213_gl_sa_t1.jpg,glioma,0.005106925964355469
0.8820346320346321,0.7889641819941917,0.9991683959960938,4.242640687119285,0.859704641350211,0.9055555555555556,region_growing,brisc2025_test_00806_pi_ax_t1.jpg,pituitary,0.00572514533996582
0.4726391287023509,0.30944823687986434,0.9394149780273438,50.79911307086549,1.0,0.30944823687986434,region_growing,brisc2025_test_00160_gl_co_t1.jpg,glioma,0.005349874496459961
0.5051166598444535,0.3378970427163198,0.9953880310058594,16.60716832915468,0.3521689497716895,0.8929088277858177,region_growing,brisc2025_test_00701_pi_ax_t1.jpg,pituitary,0.004979372024536133
0.7828315182575273,0.6431578947368422,0.9974136352539062,8.06225774829855,0.6431578947368422,1.0,region_growing,brisc2025_test_00362_me_ax_t1.jpg,meningioma,0.00494384765625
0.9181689335355695,0.848717477245564,0.9874458312988281,28.117283632617877,0.9170516068146823,0.9192889862577176,region_growing,brisc2025_test_00493_me_sa_t1.jpg,meningioma,0.005669116973876953
0.9102717484190737,0.8353199498117942,0.9979972839355469,6.355069981362662,0.8587552402450822,0.9683636363636363,region_growing,brisc2025_test_00284_me_ax_t1.jpg,meningioma,0.004804134368896484
0.773062363020522,0.630074699577785,0.9956550598144531,17.69180601295413,0.8956602031394275,0.6799859796705222,region_growing,brisc2025_test_00437_me_co_t1.jpg,meningioma,0.005048036575317383
0.8471760797342193,0.7348703170028819,0.99017333984375,18.063458370672944,0.7354758961681088,0.9988808058198098,region_growing,brisc2025_test_00323_me_ax_t1.jpg,meningioma,0.0045740604400634766
0.7040871934604904,0.543313708999159,0.9979286193847656,9.871529131526685,0.5767857142857142,0.9034965034965035,region_growing,brisc2025_test_00867_pi_co_t1.jpg,pituitary,0.005095243453979492
0.8869655392469687,0.7968895578011898,0.9891891479492188,25.308065095677872,0.8104227405247814,0.9794749823819592,region_growing,brisc2025_test_00295_me_ax_t1.jpg,meningioma,0.005118846893310547
0.3571167215514087,0.2173719376391982,0.9597854614257812,42.95055266916374,0.2173719376391982,1.0,region_growing,brisc2025_test_00356_me_ax_t1.jpg,meningioma,0.005185604095458984
0.7336683417085427,0.5793650793650794,0.9987869262695312,8.037056941059355,0.5824468085106383,0.9909502262443439,region_growing,brisc2025_test_00957_pi_sa_t1.jpg,pituitary,0.005525112152099609
0.3726480036714089,0.22899041173152848,0.9947853088378906,19.0,0.22899041173152848,1.0,region_growing,brisc2025_test_00739_pi_ax_t1.jpg,pituitary,0.005530118942260742
0.4267066670922031,0.27121876014281077,0.9314765930175781,55.4059798118342,0.3841954022988506,0.4797961673724252,region_growing,brisc2025_test_00155_gl_co_t1.jpg,glioma,0.005246877670288086
0.9226625625240477,0.8564285714285714,0.9992332458496094,3.0,0.8570407433881344,0.9991666666666666,region_growing,brisc2025_test_00733_pi_ax_t1.jpg,pituitary,0.004832029342651367
0.9490060501296457,0.9029605263157895,0.9972991943359375,6.053795644693841,0.9749889003995856,0.9243721060754876,region_growing,brisc2025_test_00546_me_sa_t1.jpg,meningioma,0.004984140396118164
0.535203668734826,0.36537753222836095,0.9934272766113281,18.576777289265404,0.36537753222836095,1.0,region_growing,brisc2025_test_00934_pi_sa_t1.jpg,pituitary,0.0060710906982421875
0.7824196436183818,0.6426020586793642,0.98052978515625,35.15959180234215,0.9893272962483829,0.6470878578479763,region_growing,brisc2025_test_00462_me_co_t1.jpg,meningioma,0.0054051876068115234
0.42948717948717946,0.27346938775510204,0.9932098388671875,25.946096828015424,0.27346938775510204,1.0,region_growing,brisc2025_test_00126_gl_co_t1.jpg,glioma,0.004573822021484375
0.09283434870902234,0.048676604806814724,0.9880714416503906,30.013329631685814,0.048676604806814724,1.0,region_growing,brisc2025_test_00167_gl_sa_t1.jpg,glioma,0.005682945251464844
0.734229576008273,0.5800653594771242,0.9990196228027344,6.324555320336759,0.5829228243021346,0.9916201117318436,region_growing,brisc2025_test_00929_pi_sa_t1.jpg,pituitary,0.006345987319946289
0.7758692919983242,0.6338124572210815,0.9979591369628906,25.306102423415464,0.6734545454545454,0.9150197628458498,region_growing,brisc2025_test_00228_gl_sa_t1.jpg,glioma,0.005572080612182617
0.48976711362032466,0.32429906542056075,0.9944839477539062,21.0,0.32429906542056075,1.0,region_growing,brisc2025_test_00076_gl_ax_t1.jpg,glioma,0.004977226257324219
0.13454022843599506,0.07212175276403644,0.8690605163574219,100.32821068249847,1.0,0.07212175276403644,region_growing,brisc2025_test_00034_gl_ax_t1.jpg,glioma,0.004923105239868164
0.8833973626830028,0.7911474800074391,0.9957160949707031,6.324555320336759,0.7915891328619278,0.9992952783650458,region_growing,brisc2025_test_00495_me_sa_t1.jpg,meningioma,0.005160093307495117
0.31948489958608,0.19011129355956943,0.9322662353515625,44.065284159048765,0.3077831930290947,0.33211155378486057,region_growing,brisc2025_test_00255_me_ax_t1.jpg,meningioma,0.005787849426269531
0.9141820476415838,0.8419293912538137,0.99169921875,27.802860122766766,0.94511946505749,0.8852058351791033,region_growing,brisc2025_test_00338_me_ax_t1.jpg,meningioma,0.004743814468383789
0.582372405494836,0.4108077521573065,0.9841117858886719,38.90693985690394,0.4108077521573065,1.0,region_growing,brisc2025_test_00185_gl_sa_t1.jpg,glioma,0.005209922790527344
0.3415103415103415,0.20591647331786542,0.9843330383300781,27.0,0.20591647331786542,1.0,region_growing,brisc2025_test_00534_me_sa_t1.jpg,meningioma,0.005883932113647461
0.9029520295202952,0.8230743356878574,0.9979934692382812,6.4031242374328485,0.8283683141503047,0.9922952149229521,region_growing,brisc2025_test_00709_pi_ax_t1.jpg,pituitary,0.005280971527099609
0.032332873995899576,0.016432085269199235,0.8901710510253906,88.42538039022527,0.11206896551724138,0.018891638191744237,region_growing,brisc2025_test_00217_gl_sa_t1.jpg,glioma,0.0058040618896484375
0.8599735799207398,0.7543453070683661,0.998382568359375,6.053795644693841,0.7543453070683661,1.0,region_growing,brisc2025_test_00808_pi_ax_t1.jpg,pituitary,0.005091190338134766
0.8898857019624757,0.8016162872018028,0.9902610778808594,15.0,0.8016162872018028,1.0,region_growing,brisc2025_test_00274_me_ax_t1.jpg,meningioma,0.004655122756958008
0.5752808988764045,0.4037854889589905,0.9971160888671875,9.369650129627486,0.6392009987515606,0.5229826353421859,region_growing,brisc2025_test_00903_pi_co_t1.jpg,pituitary,0.005412101745605469
0.8220424671385238,0.6978540772532189,0.9959716796875,17.69180601295413,0.6990541702493551,0.9975460122699387,chan_vese,brisc2025_test_00089_gl_co_t1.jpg,glioma,0.1275651454925537
0.9393894266567386,0.8857062622858748,0.9968948364257812,9.0,0.8868269365949669,0.998575273072661,chan_vese,brisc2025_test_00718_pi_ax_t1.jpg,pituitary,0.12801408767700195
0.805484147386461,0.6743185078909613,0.9982681274414062,8.06225774829855,0.9957627118644068,0.6762589928057554,chan_vese,brisc2025_test_00805_pi_ax_t1.jpg,pituitary,0.1340019702911377
0.9782458379873411,0.9574180114523686,0.9984397888183594,2.23606797749979,0.9618240769793954,0.9952380952380953,chan_vese,brisc2025_test_00468_me_co_t1.jpg,meningioma,0.13134002685546875
0.9272092398603277,0.8642964446670005,0.9989662170410156,3.1622776601683795,0.8810617662072486,0.9784580498866213,chan_vese,brisc2025_test_00874_pi_co_t1.jpg,pituitary,0.13240885734558105
0.92,0.8518518518518519,0.9995574951171875,2.0,0.8846153846153846,0.9583333333333334,chan_vese,brisc2025_test_00820_pi_ax_t1.jpg,pituitary,0.1332108974456787
0.961975950601235,0.9267376330619912,0.9973220825195312,5.830951894845301,0.9297455763794367,0.9965211536303445,chan_vese,brisc2025_test_00275_me_ax_t1.jpg,meningioma,0.13260960578918457
0.25363825363825365,0.14523809523809525,0.989044189453125,24.725054423845123,0.2296470588235294,0.2832269297736506,chan_vese,brisc2025_test_00892_pi_co_t1.jpg,pituitary,0.13538408279418945
0.32440403047431804,0.19360516280434145,0.9790267944335938,88.88170802265384,0.20882771713336498,0.7264722069345074,chan_vese,brisc2025_test_00243_gl_sa_t1.jpg,glioma,0.1305251121520996
0.8194960760016522,0.6941917424772568,0.9983329772949219,12.904772721475243,0.9429657794676806,0.7246165084002922,chan_vese,brisc2025_test_00766_pi_ax_t1.jpg,pituitary,0.13349103927612305
0.8858459175838239,0.7950838502182402,0.9965972900390625,8.983281572999744,0.796181274442144,0.9982693971733487,chan_vese,brisc2025_test_00333_me_ax_t1.jpg,meningioma,0.13288187980651855
0.46468744237506915,0.30266634638481865,0.9667778015136719,63.19807448535915,0.3028360839609037,0.9981515711645101,chan_vese,brisc2025_test_00046_gl_ax_t1.jpg,glioma,0.1308438777923584
0.9131693198263386,0.8402130492676432,0.999542236328125,2.8284271247461903,0.842456608811749,0.9968404423380727,chan_vese,brisc2025_test_00979_pi_sa_t1.jpg,pituitary,0.13346600532531738
0.897196261682243,0.8135593220338984,0.9986991882324219,5.074264635194588,0.8809946714031972,0.914004914004914,chan_vese,brisc2025_test_00369_me_ax_t1.jpg,meningioma,0.13181710243225098
0.9145327569005653,0.8425245098039216,0.9990196228027344,6.593109348850582,0.975177304964539,0.8609893550407013,chan_vese,brisc2025_test_00958_pi_sa_t1.jpg,pituitary,0.1343691349029541
0.9066666666666666,0.8292682926829268,0.9993057250976562,3.1622776601683795,0.8387096774193549,0.9866071428571429,chan_vese,brisc2025_test_00213_gl_sa_t1.jpg,glioma,0.1278858184814453
0.9180661577608142,0.8485418626528692,0.9993858337402344,3.040569415042095,0.9514767932489452,0.8869223205506391,chan_vese,brisc2025_test_00806_pi_ax_t1.jpg,pituitary,0.1326141357421875
0.7161352969736203,0.5577965460733644,0.9866180419921875,30.521298984443817,0.6217507376703667,0.8443045220377791,chan_vese,brisc2025_test_00160_gl_co_t1.jpg,glioma,0.13052701950073242
0.8609228783478542,0.7558073654390934,0.9983558654785156,8.561500201835056,0.7614155251141552,0.9903489235337788,chan_vese,brisc2025_test_00701_pi_ax_t1.jpg,pituitary,0.13202404975891113
0.9145228215767635,0.8425076452599388,0.9988212585449219,4.123105625617661,0.87,0.9638483965014577,chan_vese,brisc2025_test_00362_me_ax_t1.jpg,meningioma,0.1286783218383789
0.5055671021377672,0.33830030298514874,0.9491806030273438,58.00474102700099,0.33830030298514874,1.0,chan_vese,brisc2025_test_00493_me_sa_t1.jpg,meningioma,0.12794232368469238
0.9548322816340087,0.913568477915475,0.99896240234375,2.8284271247461903,0.927120283779426,0.984251968503937,chan_vese,brisc2025_test_00284_me_ax_t1.jpg,meningioma,0.13138508796691895
0.8773541570969223,0.7815057283142389,0.9979629516601562,6.708203932499369,0.8818097876269622,0.8729433272394881,chan_vese,brisc2025_test_00437_me_co_t1.jpg,meningioma,0.12806296348571777
0.9700535883156457,0.9418486023260559,0.9978256225585938,3.1622776601683795,0.9509682735887928,0.9899206519408107,chan_vese,brisc2025_test_00323_me_ax_t1.jpg,meningioma,0.12962913513183594
0.817641228939544,0.691533948030176,0.99859619140625,8.037056941059355,0.7366071428571429,0.9187082405345212,chan_vese,brisc2025_test_00867_pi_co_t1.jpg,pituitary,0.13310575485229492
0.928197991499605,0.8660162829870859,0.9927177429199219,16.515013884649317,0.8993440233236152,0.9589647936581954,chan_vese,brisc2025_test_00295_me_ax_t1.jpg,meningioma,0.1326150894165039
0.9819947702652223,0.9646264494349038,0.9981613159179688,2.23606797749979,0.9757980697847067,0.9882706766917293,chan_vese,brisc2025_test_00356_me_ax_t1.jpg,meningioma,0.1325211524963379
0.8380952380952381,0.7213114754098361,0.99896240234375,8.0,0.9361702127659575,0.7586206896551724,chan_vese,brisc2025_test_00957_pi_sa_t1.jpg,pituitary,0.13216400146484375
0.826651921481891,0.7045240339302544,0.9976081848144531,7.1340834444436005,0.8432036097010717,0.8107375271149675,chan_vese,brisc2025_test_00739_pi_ax_t1.jpg,pituitary,0.1296682357788086
0.646407958929881,0.4775500588928151,0.9576988220214844,35.3624073009726,0.5825287356321839,0.726022491225557,chan_vese,brisc2025_test_00155_gl_co_t1.jpg,glioma,0.13112211227416992
0.9641025641025641,0.9306930693069307,0.9996261596679688,1.9121320343559443,0.9406719085060757,0.9887302779864763,chan_vese,brisc2025_test_00733_pi_ax_t1.jpg,pituitary,0.13424301147460938
0.9707112970711297,0.943089430894309,0.998504638671875,3.1622776601683795,0.9613733905579399,0.9802323826769277,chan_vese,brisc2025_test_00546_me_sa_t1.jpg,meningioma,0.13435006141662598
0.8374118622978017,0.7202996789154478,0.99700927734375,11.180339887498949,0.7436464088397791,0.958234456573327,chan_vese,brisc2025_test_00934_pi_sa_t1.jpg,pituitary,0.13100004196166992
0.9149828861653969,0.8432888979342628,0.9941253662109375,10.770329614269007,0.8933807675722294,0.9376555781851098,chan_vese,brisc2025_test_00462_me_co_t1.jpg,meningioma,0.13434600830078125
0.6989984185556142,0.5372771474878444,0.9956436157226562,14.212670403551895,0.5412244897959184,0.9866071428571429,chan_vese,brisc2025_test_00126_gl_co_t1.jpg,glioma,0.12977886199951172
0.902248126561199,0.8219053398058253,0.9977607727050781,8.06225774829855,0.8241557651353818,0.9966887417218543,chan_vese,brisc2025_test_00167_gl_sa_t1.jpg,glioma,0.1332530975341797
0.2,0.1111111111111111,0.996124267578125,13.955208419792639,0.20853858784893267,0.19213313161875945,chan_vese,brisc2025_test_00929_pi_sa_t1.jpg,pituitary,0.1326899528503418
0.6947468054898249,0.5322697606961566,0.9975395202636719,28.948090024443985,0.5338181818181819,0.994579945799458,chan_vese,brisc2025_test_00228_gl_sa_t1.jpg,glioma,0.1305389404296875
0.8574479444741057,0.7504672897196262,0.9979629516601562,10.047381840064844,0.7504672897196262,1.0,chan_vese,brisc2025_test_00076_gl_ax_t1.jpg,glioma,0.1273510456085205
0.12040078843626807,0.06405662850651053,0.9591445922851562,53.719133450404236,0.2747376311844078,0.07709297433740009,chan_vese,brisc2025_test_00034_gl_ax_t1.jpg,glioma,0.1288471221923828
0.9162256615077384,0.8454026165468952,0.9967994689941406,7.943074902771984,0.8537402307406029,0.9885800474035769,chan_vese,brisc2025_test_00495_me_sa_t1.jpg,meningioma,0.13322782516479492
0.7767310614282613,0.6349634466605153,0.9803810119628906,37.68015690298632,0.6606114311032344,0.9423785947540293,chan_vese,brisc2025_test_00255_me_ax_t1.jpg,meningioma,0.12958931922912598
0.9523850048934088,0.9090982940698619,0.9957313537597656,5.0990195135927845,0.9125825654407568,0.9958177611674676,chan_vese,brisc2025_test_00338_me_ax_t1.jpg,meningioma,0.12784695625305176
0.575085668212054,0.4035931532041307,0.983917236328125,40.29577245486861,0.4035931532041307,1.0,chan_vese,brisc2025_test_00185_gl_sa_t1.jpg,glioma,0.12909388542175293
0.9766499421072945,0.9543654535168773,0.9990768432617188,2.23606797749979,0.978538283062645,0.974768875192604,chan_vese,brisc2025_test_00534_me_sa_t1.jpg,meningioma,0.1293351650238037
0.9290461649003053,0.8674941294867494,0.9984931945800781,5.385164807134504,0.8754231550440081,0.9896670493685419,chan_vese,brisc2025_test_00709_pi_ax_t1.jpg,pituitary,0.13303232192993164
0.030356558717697088,0.01541221019065967,0.9434623718261719,67.0041042490521,0.05405405405405406,0.02110433912489766,chan_vese,brisc2025_test_00217_gl_sa_t1.jpg,glioma,0.13060903549194336
0.8914505283381364,0.804159445407279,0.9987068176269531,5.0,0.8064889918887601,0.9964209019327129,chan_vese,brisc2025_test_00808_pi_ax_t1.jpg,pituitary,0.13264012336730957
0.9189053055742109,0.8499767044572138,0.9926300048828125,12.125986609083295,0.8505711399487139,0.9991784573254222,chan_vese,brisc2025_test_00274_me_ax_t1.jpg,meningioma,0.12966299057006836
0.448868778280543,0.2893815635939323,0.9976768493652344,8.858785249260027,0.3096129837702871,0.8157894736842105,chan_vese,brisc2025_test_00903_pi_co_t1.jpg,pituitary,0.13155603408813477
